InventoryID ,ProductID ,StockQuantity ,LastRestocked ,ReorderPoint ,LeadTimeDays 
1,276,2398,12/30/2023,86,2
2,309,5446,8/4/2024,62,57
3,561,4733,8/16/2024,57,9
4,225,564,11/4/2023,91,81
5,477,1201,2/1/2024,87,12
6,359,6,7/4/2024,78,3
7,380,3394,4/7/2024,76,82
8,498,5670,7/4/2024,57,84
9,226,2824,1/2/2024,53,42
10,239,982,12/15/2023,60,51
11,572,159,11/2/2023,71,81
12,227,1187,12/18/2023,75,97
13,426,1182,8/16/2024,69,30
14,334,5485,4/12/2024,76,3
15,212,4881,4/8/2024,50,67
16,446,5201,4/17/2024,57,55
17,345,4927,8/6/2024,83,54
18,245,2822,11/1/2023,78,62
19,239,2581,9/28/2024,90,70
20,523,813,5/15/2024,100,76
21,534,6323,5/28/2024,64,11
22,390,6422,9/26/2024,89,57
23,318,196,3/18/2024,95,11
24,522,5306,12/20/2023,61,51
25,278,657,5/4/2024,63,23
26,354,44,2/12/2024,52,6
27,301,3384,6/21/2024,80,74
28,458,1372,1/22/2024,74,68
29,567,1746,7/6/2024,83,27
30,598,2101,9/25/2024,58,92
31,430,5381,1/7/2024,100,52
32,216,5846,9/27/2024,64,61
33,221,3038,5/20/2024,55,79
34,298,418,7/14/2024,64,70
35,258,5278,9/13/2024,53,32
36,466,1355,9/20/2024,73,46
37,556,2870,7/24/2024,76,2
38,524,3299,12/6/2023,98,44
39,436,3234,6/28/2024,86,24
40,483,1782,6/27/2024,74,11
41,568,2957,5/1/2024,65,38
42,471,5162,9/21/2024,89,13
43,468,2051,2/24/2024,62,48
44,497,4272,8/7/2024,77,38
45,310,671,5/26/2024,94,18
46,599,2402,11/23/2023,65,45
47,294,700,7/18/2024,66,29
48,378,752,11/27/2023,73,73
49,211,2757,12/12/2023,90,96
50,593,6145,7/22/2024,79,74
51,589,5095,6/1/2024,76,57
52,478,879,3/16/2024,97,78
53,541,3473,4/10/2024,61,99
54,550,6840,4/11/2024,59,27
55,600,69,7/14/2024,98,53
56,283,2487,9/20/2024,69,48
57,339,1493,7/12/2024,69,80
58,244,1968,7/7/2024,96,9
59,251,5871,5/30/2024,93,61
60,250,5790,8/30/2024,79,77
61,573,1771,9/13/2024,76,54
62,393,5206,11/24/2023,67,66
63,383,6441,6/8/2024,81,90
64,484,5256,2/28/2024,61,75
65,225,3650,1/17/2024,58,79
66,422,3969,8/12/2024,81,14
67,271,1889,4/22/2024,100,86
68,570,974,1/20/2024,50,15
69,266,4735,9/15/2024,92,28
70,480,4237,12/21/2023,97,30
71,390,4657,11/29/2023,57,72
72,416,6670,3/19/2024,88,98
73,236,4778,8/27/2024,64,63
74,408,6329,6/17/2024,72,47
75,355,4393,2/15/2024,67,17
76,248,3784,5/4/2024,93,79
77,427,2505,11/13/2023,91,60
78,537,3016,4/5/2024,88,99
79,561,861,1/2/2024,83,70
80,297,6058,1/9/2024,87,37
81,522,5680,10/15/2023,69,88
82,423,1285,6/8/2024,60,30
83,531,5562,7/1/2024,95,65
84,490,3445,2/3/2024,67,14
85,428,549,6/1/2024,93,29
86,434,2320,12/9/2023,93,20
87,359,4514,4/9/2024,92,9
88,422,1550,12/22/2023,66,15
89,425,2341,8/6/2024,66,53
90,561,3716,1/16/2024,66,85
91,567,6046,1/20/2024,98,82
92,405,307,5/4/2024,73,30
93,232,3361,5/31/2024,75,74
94,533,519,5/23/2024,65,59
95,219,4540,2/8/2024,70,35
96,208,1560,5/2/2024,97,15
97,556,4958,8/16/2024,93,53
98,366,2905,11/7/2023,98,90
99,393,6089,8/10/2024,86,58
100,443,6612,5/5/2024,92,26
101,293,4155,8/5/2024,69,17
102,248,4954,10/28/2023,81,95
103,408,3706,8/11/2024,89,24
104,294,551,3/26/2024,94,13
105,320,2363,11/19/2023,96,68
106,356,3771,10/29/2023,66,97
107,346,6721,12/6/2023,77,94
108,271,2340,5/4/2024,88,8
109,317,5278,5/20/2024,97,36
110,233,6019,9/25/2024,59,84
111,440,1121,11/3/2023,82,26
112,454,85,3/12/2024,99,3
113,497,3311,10/23/2023,100,14
114,439,1264,3/23/2024,52,64
115,573,4107,5/6/2024,55,14
116,232,831,10/2/2024,64,52
117,561,2071,7/5/2024,55,36
118,483,6616,12/16/2023,91,62
119,428,3660,4/4/2024,56,97
120,531,4700,3/18/2024,58,55
121,443,3757,9/20/2024,72,88
122,546,6790,2/4/2024,63,64
123,346,1635,11/23/2023,56,61
124,216,4775,9/24/2024,83,32
125,272,3076,3/12/2024,82,82
126,342,1489,8/29/2024,75,15
127,582,2131,3/9/2024,76,11
128,430,2491,9/19/2024,74,55
129,201,4527,2/10/2024,78,80
130,265,2290,4/1/2024,55,9
131,471,2721,7/23/2024,91,87
132,471,5663,1/24/2024,50,16
133,464,3393,6/9/2024,50,94
134,290,1664,11/9/2023,99,28
135,398,4396,5/20/2024,95,96
136,403,431,11/8/2023,61,32
137,585,2432,9/7/2024,64,26
138,347,328,6/22/2024,86,33
139,374,4634,2/24/2024,76,41
140,240,3267,12/14/2023,90,43
141,471,1412,5/15/2024,95,83
142,554,4924,6/20/2024,79,47
143,575,4225,3/17/2024,77,57
144,329,4225,1/5/2024,90,77
145,241,2618,8/24/2024,92,47
146,414,6608,6/6/2024,90,36
147,202,1875,12/3/2023,75,78
148,246,3267,8/14/2024,50,55
149,492,4452,10/21/2023,81,86
150,405,6325,7/15/2024,84,28
151,216,4445,1/26/2024,90,75
152,382,4584,10/9/2024,55,13
153,579,977,5/28/2024,55,50
154,268,858,4/10/2024,60,44
155,546,2720,9/29/2024,80,40
156,545,1334,7/24/2024,89,63
157,238,635,5/25/2024,66,45
158,285,5580,12/18/2023,90,32
159,421,3313,7/16/2024,92,97
160,351,6140,11/21/2023,88,99
161,242,629,11/28/2023,75,20
162,209,1479,3/1/2024,84,45
163,220,1275,1/1/2024,72,87
164,505,5303,3/29/2024,100,10
165,589,6511,1/19/2024,97,33
166,232,4237,11/17/2023,97,71
167,485,806,3/27/2024,85,22
168,594,1149,10/10/2024,54,44
169,425,4782,12/5/2023,54,76
170,233,3442,8/2/2024,62,79
171,316,4427,12/21/2023,71,61
172,558,4125,11/24/2023,70,1
173,479,1569,2/12/2024,56,79
174,484,5747,5/30/2024,54,46
175,598,4419,11/20/2023,55,93
176,276,979,9/20/2024,78,44
177,235,6417,4/20/2024,96,70
178,265,695,10/12/2024,93,76
179,446,5942,1/3/2024,70,58
180,539,4274,11/2/2023,56,6
181,377,4757,9/21/2024,60,21
182,396,4680,6/17/2024,84,97
183,270,194,6/3/2024,50,80
184,284,3014,2/12/2024,93,3
185,216,4533,12/5/2023,85,61
186,532,1035,8/20/2024,90,8
187,379,4195,4/12/2024,81,18
188,342,635,2/5/2024,61,22
189,522,3497,8/13/2024,72,45
190,275,2374,3/6/2024,78,89
191,360,5867,3/19/2024,83,4
192,419,1675,2/18/2024,95,98
193,545,6880,10/13/2024,92,86
194,231,1692,2/12/2024,98,16
195,597,5682,9/17/2024,76,34
196,276,4084,5/17/2024,92,11
197,510,355,1/2/2024,56,8
198,591,6775,12/14/2023,98,37
199,249,4865,12/25/2023,95,39
200,551,6375,10/27/2023,52,61
201,468,2164,9/3/2024,77,26
202,445,2956,12/15/2023,55,53
203,227,4789,11/24/2023,78,29
204,497,3915,7/6/2024,84,18
205,591,3690,5/15/2024,62,67
206,547,3114,4/28/2024,98,71
207,331,988,4/16/2024,79,42
208,279,4676,4/21/2024,99,64
209,280,2077,7/12/2024,81,57
210,579,6278,9/11/2024,100,77
211,458,4319,4/14/2024,74,37
212,350,6256,1/30/2024,58,15
213,421,6284,8/2/2024,98,44
214,496,6781,3/30/2024,72,86
215,286,3166,7/13/2024,100,69
216,324,2417,8/1/2024,88,90
217,283,4268,8/6/2024,61,24
218,251,2769,7/18/2024,51,72
219,270,3040,7/11/2024,77,31
220,493,1704,11/14/2023,82,51
221,533,3465,9/11/2024,89,47
222,310,4262,3/10/2024,90,38
223,437,1208,11/8/2023,86,65
224,283,1552,12/18/2023,64,22
225,317,4407,4/5/2024,98,51
226,357,6876,4/5/2024,98,2
227,366,1730,9/6/2024,75,57
228,267,1709,4/29/2024,88,75
229,540,1174,10/22/2023,59,61
230,421,2792,5/21/2024,95,61
231,201,4920,2/1/2024,75,93
232,305,1483,10/12/2024,72,32
233,443,4972,10/13/2024,54,30
234,421,3788,12/19/2023,94,15
235,490,5041,2/23/2024,63,94
236,407,1894,4/25/2024,99,12
237,385,4372,3/7/2024,100,57
238,400,2171,2/16/2024,63,3
239,430,1505,2/5/2024,77,78
240,484,2411,10/25/2023,81,81
241,457,6545,1/3/2024,71,34
242,429,4357,3/4/2024,52,43
243,296,2735,9/12/2024,67,8
244,502,6216,2/3/2024,75,83
245,468,2558,7/29/2024,91,58
246,584,1766,9/18/2024,70,19
247,244,3225,10/15/2023,94,39
248,204,5879,12/20/2023,71,74
249,288,4843,4/10/2024,74,12
250,552,5043,8/21/2024,53,22
251,255,2362,5/10/2024,50,42
252,321,4451,8/17/2024,87,61
253,324,4811,8/13/2024,56,48
254,381,1083,6/2/2024,64,78
255,218,1320,2/27/2024,94,41
256,287,4812,8/27/2024,78,66
257,219,4416,12/17/2023,93,18
258,377,2080,7/12/2024,58,6
259,486,4360,10/6/2024,90,65
260,440,4714,8/12/2024,62,59
261,436,3324,2/16/2024,55,38
262,243,3799,5/22/2024,65,50
263,396,3865,7/1/2024,98,99
264,258,6050,10/18/2023,60,43
265,271,3715,11/4/2023,83,6
266,584,514,11/17/2023,85,40
267,273,4411,7/13/2024,65,42
268,235,6419,12/2/2023,82,32
269,361,2645,7/2/2024,52,90
270,517,1503,6/10/2024,89,50
271,205,2570,4/13/2024,93,45
272,588,2180,3/12/2024,69,95
273,409,3148,2/29/2024,69,23
274,379,4325,7/24/2024,78,98
275,566,6564,1/25/2024,57,6
276,300,3262,9/2/2024,85,73
277,541,4508,7/4/2024,73,57
278,275,1072,4/23/2024,56,39
279,201,1962,12/31/2023,87,8
280,580,826,11/19/2023,92,16
281,250,5421,10/7/2024,55,85
282,370,841,3/14/2024,51,83
283,333,3261,9/9/2024,89,51
284,570,6116,10/28/2023,50,70
285,549,3285,8/6/2024,95,8
286,224,3068,7/22/2024,65,12
287,200,415,1/2/2024,88,47
288,446,5788,2/24/2024,71,72
289,539,2703,10/22/2023,52,54
290,425,4199,2/26/2024,85,53
291,302,6204,7/27/2024,88,74
292,343,2501,10/31/2023,97,62
293,256,6481,7/26/2024,54,47
294,513,4989,12/1/2023,92,18
295,215,3666,9/27/2024,74,14
296,428,865,9/18/2024,50,63
297,312,170,12/24/2023,62,97
298,348,4822,6/1/2024,70,38
299,221,3838,7/28/2024,96,57
300,296,544,6/18/2024,71,70
301,271,1467,7/31/2024,79,92
302,496,1101,8/22/2024,73,41
303,385,688,10/19/2023,98,18
304,207,4810,3/23/2024,98,77
305,238,2386,12/23/2023,81,24
306,355,6791,8/26/2024,70,84
307,595,2980,11/19/2023,99,14
308,573,732,4/3/2024,54,3
309,395,5517,5/26/2024,60,76
310,491,2323,1/9/2024,90,11
311,534,2016,12/20/2023,66,72
312,403,603,6/21/2024,53,73
313,428,242,2/2/2024,80,53
314,469,2232,2/17/2024,90,79
315,574,2813,5/15/2024,67,37
316,275,6998,10/31/2023,64,89
317,417,2137,12/29/2023,94,33
318,350,561,6/29/2024,63,21
319,304,5345,10/22/2023,58,20
320,407,2114,2/23/2024,82,56
321,280,109,9/3/2024,76,92
322,354,5799,12/2/2023,77,47
323,227,6737,4/24/2024,64,50
324,306,646,3/19/2024,92,62
325,569,3064,1/21/2024,82,98
326,490,35,8/27/2024,58,63
327,389,367,1/15/2024,97,32
328,260,3870,8/25/2024,91,32
329,343,1294,11/21/2023,86,18
330,443,2025,12/27/2023,91,97
331,446,4943,4/15/2024,96,85
332,296,5170,3/14/2024,57,96
333,262,5363,10/18/2023,57,9
334,218,1276,7/7/2024,67,90
335,223,643,10/16/2023,56,44
336,385,4923,11/20/2023,62,80
337,512,30,9/19/2024,68,60
338,310,1711,8/12/2024,65,25
339,453,5497,5/28/2024,82,24
340,359,4286,6/21/2024,71,40
341,499,3190,4/8/2024,67,35
342,537,1140,11/21/2023,74,25
343,475,3144,11/17/2023,86,81
344,284,4096,10/7/2024,84,85
345,222,6754,10/1/2024,81,30
346,400,6813,3/24/2024,67,20
347,217,5964,9/18/2024,66,31
348,271,2314,5/2/2024,81,66
349,385,3749,5/20/2024,97,73
350,304,4592,4/29/2024,96,14
351,437,2199,3/27/2024,95,72
352,351,5433,10/3/2024,85,96
353,230,1042,10/13/2024,99,2
354,541,2321,4/28/2024,98,50
355,418,6325,12/28/2023,91,100
356,318,1159,12/20/2023,52,6
357,572,1680,4/10/2024,97,9
358,344,4677,5/21/2024,65,14
359,411,45,8/9/2024,97,80
360,491,6875,1/10/2024,53,96
361,527,2076,9/6/2024,63,58
362,257,5943,5/21/2024,54,94
363,573,970,8/20/2024,61,54
364,355,3466,12/26/2023,70,26
365,295,3318,5/31/2024,92,19
366,401,478,6/6/2024,100,79
367,416,460,4/27/2024,56,100
368,527,5306,3/29/2024,70,80
369,583,2158,6/16/2024,87,67
370,491,5389,1/15/2024,100,33
371,468,580,5/20/2024,84,43
372,242,4003,7/1/2024,79,27
373,484,3243,11/3/2023,61,76
374,318,2930,1/12/2024,57,81
375,423,4834,11/12/2023,75,7
376,494,394,8/30/2024,96,60
377,444,4996,8/6/2024,90,6
378,569,2052,9/2/2024,78,76
379,592,590,10/27/2023,56,75
380,460,3951,5/20/2024,64,54
381,531,899,4/20/2024,98,2
382,314,5811,5/11/2024,62,91
383,294,5663,3/14/2024,97,33
384,542,3465,9/10/2024,63,11
385,371,3266,1/7/2024,85,44
386,226,4504,12/14/2023,85,12
387,234,5585,12/22/2023,83,56
388,511,834,3/31/2024,92,65
389,421,1179,6/8/2024,91,54
390,300,1689,8/22/2024,99,70
391,315,2703,5/8/2024,95,8
392,438,2192,11/18/2023,85,88
393,222,4745,6/15/2024,85,41
394,267,5314,5/29/2024,63,57
395,579,5614,10/25/2023,90,97
396,349,6152,12/26/2023,62,40
397,247,3229,4/2/2024,52,37
398,353,1200,1/20/2024,72,85
399,315,4874,2/19/2024,55,75
400,425,1048,8/27/2024,94,64
401,582,3402,7/26/2024,58,69
402,564,5074,4/6/2024,63,10
403,261,1090,6/13/2024,65,96
404,370,446,11/29/2023,70,63
405,404,3225,12/27/2023,98,43
406,406,5776,10/23/2023,66,35
407,433,5673,1/24/2024,96,34
408,428,1493,2/9/2024,62,95
409,353,2792,7/3/2024,82,51
410,465,5193,2/21/2024,64,46
411,463,4126,10/5/2024,64,11
412,537,5922,1/26/2024,66,38
413,267,2049,3/26/2024,67,29
414,396,4422,2/23/2024,62,40
415,477,2608,6/25/2024,65,49
416,422,862,8/13/2024,68,77
417,233,1187,9/17/2024,57,4
418,288,1330,7/16/2024,62,38
419,576,3583,10/21/2023,61,37
420,518,4036,11/26/2023,92,26
421,386,4184,5/13/2024,58,17
422,323,3364,6/28/2024,97,13
423,202,615,1/3/2024,91,73
424,284,5219,9/3/2024,87,33
425,397,3422,7/10/2024,81,84
426,210,1653,8/25/2024,56,59
427,322,6047,1/12/2024,56,9
428,268,5069,5/3/2024,55,18
429,265,2956,3/31/2024,96,52
430,543,2071,8/31/2024,60,52
431,226,215,7/25/2024,66,62
432,326,3315,8/20/2024,83,74
433,491,5045,7/24/2024,79,87
434,348,5955,8/14/2024,64,100
435,342,2263,6/21/2024,60,72
436,576,4542,1/16/2024,100,99
437,369,4616,4/18/2024,87,36
438,550,3715,10/15/2023,81,55
439,299,6506,3/11/2024,91,77
440,251,3932,8/20/2024,62,76
441,566,1963,7/4/2024,66,91
442,288,1328,4/2/2024,92,32
443,449,1146,9/8/2024,80,35
444,433,5379,12/13/2023,79,33
445,398,6936,1/18/2024,54,23
446,589,4631,7/29/2024,81,46
447,454,4026,5/25/2024,50,53
448,506,5350,1/26/2024,51,79
449,406,1634,3/20/2024,62,83
450,403,3821,7/11/2024,73,91
451,516,523,12/4/2023,74,100
452,520,1586,5/3/2024,69,88
453,542,4270,8/5/2024,54,11
454,212,5797,8/21/2024,84,73
455,430,1051,3/28/2024,65,96
456,567,4985,12/3/2023,66,37
457,505,2404,7/11/2024,88,76
458,488,2587,12/18/2023,71,12
459,478,6366,3/24/2024,51,17
460,295,5808,2/27/2024,94,79
461,551,5143,3/14/2024,50,72
462,345,5651,11/4/2023,77,39
463,306,4937,8/9/2024,54,75
464,424,2365,3/3/2024,81,65
465,378,4614,5/23/2024,69,12
466,537,476,5/21/2024,62,2
467,570,3318,6/5/2024,82,55
468,426,3558,11/2/2023,56,8
469,408,6819,7/26/2024,52,36
470,575,6417,2/1/2024,78,50
471,499,5610,2/29/2024,78,31
472,367,1363,8/15/2024,83,82
473,374,6667,10/29/2023,94,8
474,545,5746,4/16/2024,68,40
475,320,6641,12/4/2023,97,83
476,242,6340,11/22/2023,51,96
477,525,2723,1/1/2024,52,71
478,419,6417,7/18/2024,56,6
479,216,6965,1/10/2024,92,97
480,247,5301,3/14/2024,99,30
481,546,1782,12/19/2023,60,97
482,570,4473,1/23/2024,66,93
483,481,5136,7/10/2024,71,8
484,216,2210,8/14/2024,77,34
485,305,2228,8/24/2024,56,87
486,600,5829,2/22/2024,72,24
487,335,5170,8/17/2024,81,35
488,374,6392,12/29/2023,100,79
489,366,5958,3/27/2024,92,98
490,385,4339,8/20/2024,88,65
491,489,5228,3/26/2024,61,67
492,330,4125,9/15/2024,73,22
493,577,2758,12/15/2023,51,67
494,354,872,6/16/2024,75,90
495,446,4585,6/5/2024,97,84
496,402,1714,10/9/2024,81,70
497,398,136,2/25/2024,69,97
498,262,4570,8/3/2024,62,13
499,337,4924,12/10/2023,66,54
500,359,5839,5/25/2024,84,35
501,437,3224,12/23/2023,92,72
502,421,5248,4/2/2024,76,37
503,435,91,12/30/2023,50,10
504,228,686,8/30/2024,55,74
505,587,1949,7/15/2024,90,49
506,396,301,2/13/2024,94,3
507,522,2343,8/13/2024,72,54
508,285,614,3/19/2024,100,1
509,291,94,10/28/2023,76,88
510,346,4835,6/11/2024,72,21
511,482,571,1/9/2024,100,95
512,382,5351,4/21/2024,98,54
513,507,2553,11/7/2023,82,93
514,500,5118,12/5/2023,73,37
515,211,3003,7/7/2024,92,38
516,535,4507,3/29/2024,64,93
517,463,3836,3/12/2024,55,31
518,257,3793,12/20/2023,66,36
519,210,4084,8/19/2024,83,11
520,548,764,2/20/2024,79,40
521,483,575,12/28/2023,51,58
522,570,6858,5/1/2024,63,34
523,202,1118,12/4/2023,88,97
524,428,708,2/26/2024,55,44
525,358,1347,10/19/2023,90,45
526,559,2504,4/25/2024,87,37
527,517,663,1/7/2024,90,74
528,452,1518,10/25/2023,58,72
529,248,6266,12/6/2023,59,49
530,410,2318,3/18/2024,87,83
531,585,5883,9/1/2024,60,79
532,374,1231,5/28/2024,93,81
533,483,854,1/13/2024,73,59
534,207,4239,10/14/2023,89,39
535,333,6003,11/2/2023,90,64
536,324,2805,3/26/2024,52,18
537,577,3670,6/26/2024,63,52
538,241,2948,12/18/2023,96,71
539,220,4351,9/3/2024,61,51
540,326,3040,9/29/2024,86,71
541,576,1698,1/15/2024,66,77
542,485,2438,12/7/2023,56,44
543,505,1909,5/24/2024,65,38
544,549,3615,6/12/2024,55,46
545,430,5997,9/20/2024,92,64
546,392,5684,5/24/2024,83,9
547,331,1371,3/30/2024,55,47
548,586,6536,5/13/2024,79,70
549,212,5272,8/15/2024,91,17
550,209,756,11/30/2023,71,34
551,207,2696,2/25/2024,67,63
552,277,8,6/20/2024,92,94
553,571,2636,3/6/2024,68,76
554,402,6726,9/17/2024,83,29
555,224,5536,1/13/2024,73,6
556,309,1364,3/30/2024,61,13
557,491,747,8/6/2024,80,86
558,241,6208,4/4/2024,65,90
559,420,800,6/9/2024,68,33
560,297,6859,3/20/2024,95,6
561,404,2142,8/27/2024,53,1
562,351,1280,7/25/2024,88,43
563,442,6035,7/14/2024,68,32
564,311,5332,9/1/2024,66,16
565,206,3760,4/22/2024,98,93
566,317,2192,5/17/2024,83,60
567,447,6466,11/29/2023,97,78
568,254,6018,6/17/2024,52,52
569,360,6604,2/12/2024,68,64
570,252,4726,8/28/2024,93,20
571,536,432,3/5/2024,56,16
572,435,4396,12/3/2023,75,81
573,252,2531,8/4/2024,53,41
574,243,1975,9/10/2024,100,84
575,409,3802,10/23/2023,88,7
576,313,1934,6/25/2024,91,96
577,355,4439,12/8/2023,52,27
578,482,6858,12/13/2023,52,10
579,443,3840,8/24/2024,51,65
580,268,6254,8/8/2024,69,67
581,308,2692,2/11/2024,70,18
582,272,1587,5/4/2024,74,62
583,556,1064,6/29/2024,100,48
584,574,6469,4/22/2024,51,64
585,334,5180,6/22/2024,54,96
586,225,2694,11/11/2023,60,84
587,385,1724,9/18/2024,86,3
588,600,2645,1/30/2024,90,83
589,284,1358,10/25/2023,57,74
590,378,784,7/15/2024,78,12
591,295,3031,10/4/2024,55,1
592,550,4742,5/1/2024,58,13
593,301,6286,6/3/2024,77,60
594,572,5070,12/24/2023,96,28
595,360,4639,5/17/2024,71,12
596,307,2563,3/14/2024,51,90
597,402,204,1/26/2024,70,77
598,220,4072,2/12/2024,85,65
599,514,2317,8/1/2024,88,98
600,450,3002,5/17/2024,99,73
601,493,741,12/14/2023,94,48
602,275,1107,8/14/2024,69,27
603,244,1778,8/5/2024,88,92
604,527,656,4/28/2024,57,82
605,431,2342,1/1/2024,56,36
606,540,5934,6/1/2024,75,49
607,382,2632,11/22/2023,65,61
608,485,1823,9/10/2024,62,83
609,333,2224,1/28/2024,76,4
610,487,3850,6/30/2024,51,83
611,572,5912,7/18/2024,60,90
612,484,3173,12/27/2023,93,86
613,403,1290,5/30/2024,72,70
614,208,6221,8/18/2024,80,36
615,306,5423,1/15/2024,51,27
616,239,710,6/30/2024,90,5
617,463,1212,8/27/2024,98,15
618,503,5568,8/25/2024,96,70
619,565,5093,1/31/2024,53,66
620,432,1278,2/4/2024,66,51
621,571,128,9/13/2024,96,55
622,472,6498,11/22/2023,94,29
623,337,6072,7/26/2024,66,51
624,318,2804,9/12/2024,78,54
625,319,2584,9/8/2024,97,35
626,439,3996,3/27/2024,64,42
627,321,6418,3/3/2024,93,44
628,385,4396,10/12/2024,95,92
629,537,6358,10/13/2024,56,80
630,407,5889,2/29/2024,66,89
631,321,1816,5/16/2024,81,28
632,321,1337,10/28/2023,63,2
633,469,3971,5/28/2024,100,19
634,247,1459,4/9/2024,72,62
635,538,1862,4/24/2024,54,34
636,438,2895,8/25/2024,50,71
637,547,896,1/19/2024,84,93
638,356,940,3/14/2024,92,18
639,312,14,4/14/2024,60,16
640,508,2615,3/9/2024,86,6
641,351,6237,7/15/2024,90,79
642,384,5752,8/12/2024,80,7
643,310,4716,7/9/2024,79,50
644,419,1756,12/14/2023,55,80
645,526,773,5/14/2024,91,48
646,335,2031,5/7/2024,97,79
647,576,2080,4/17/2024,96,8
648,410,4307,4/23/2024,89,3
649,411,4076,8/17/2024,68,57
650,358,988,6/10/2024,100,9
651,433,2056,6/15/2024,73,75
652,349,5031,5/21/2024,68,92
653,475,1555,6/8/2024,61,21
654,306,5266,1/5/2024,82,29
655,393,4352,10/24/2023,79,51
656,438,917,7/18/2024,77,51
657,539,999,2/13/2024,89,96
658,373,2135,5/9/2024,52,79
659,460,6696,2/23/2024,53,28
660,262,184,8/6/2024,54,65
661,327,1027,5/19/2024,95,4
662,260,5810,11/7/2023,63,53
663,214,6805,5/27/2024,53,62
664,529,962,2/22/2024,79,3
665,573,1982,9/24/2024,80,4
666,526,1777,8/23/2024,96,88
667,360,5615,4/30/2024,97,7
668,300,395,5/28/2024,89,57
669,471,6698,2/27/2024,86,99
670,427,5606,7/29/2024,86,5
671,319,5938,12/30/2023,97,2
672,317,3176,2/6/2024,53,92
673,378,5029,8/21/2024,59,27
674,546,6258,5/17/2024,90,76
675,208,2280,9/11/2024,68,53
676,490,822,10/24/2023,81,66
677,439,6661,11/4/2023,63,24
678,334,5497,10/22/2023,84,2
679,394,1003,5/28/2024,82,1
680,581,4811,6/29/2024,98,30
681,391,4063,2/14/2024,80,86
682,256,962,2/19/2024,61,66
683,318,4507,9/8/2024,62,12
684,501,5537,2/26/2024,55,26
685,380,2295,6/9/2024,81,13
686,599,2616,6/21/2024,73,78
687,377,1718,3/4/2024,88,53
688,247,4210,3/15/2024,69,31
689,582,813,1/23/2024,72,96
690,268,4799,7/29/2024,66,90
691,472,2299,7/18/2024,79,33
692,586,3410,3/11/2024,79,9
693,415,4149,5/12/2024,82,69
694,528,6735,4/15/2024,80,30
695,491,923,5/23/2024,72,90
696,580,5966,12/11/2023,53,70
697,413,364,9/25/2024,72,75
698,284,1186,10/17/2023,88,45
699,465,204,7/10/2024,87,52
700,484,4093,3/9/2024,72,60
701,346,3895,10/14/2023,91,62
702,243,5235,3/25/2024,54,46
703,232,2496,9/9/2024,76,22
704,458,220,4/11/2024,66,45
705,515,3738,7/1/2024,94,33
706,502,5982,2/20/2024,51,47
707,378,5330,2/5/2024,53,62
708,423,5961,1/3/2024,64,99
709,525,3897,9/11/2024,56,92
710,358,3652,7/1/2024,99,43
711,379,478,10/1/2024,87,15
712,467,5559,9/25/2024,87,96
713,326,3644,9/14/2024,90,22
714,593,3721,5/3/2024,55,45
715,481,2344,7/29/2024,64,74
716,260,3494,5/31/2024,78,55
717,213,1022,12/13/2023,65,23
718,499,4172,5/31/2024,64,72
719,374,2387,2/28/2024,60,37
720,368,3930,11/25/2023,59,29
721,328,5116,1/22/2024,87,12
722,228,5279,3/12/2024,61,73
723,550,6353,8/24/2024,72,42
724,283,2451,7/17/2024,86,44
725,574,442,8/25/2024,58,31
726,357,1419,3/21/2024,95,71
727,467,3757,11/7/2023,87,73
728,402,2353,4/17/2024,50,96
729,282,3688,2/9/2024,83,14
730,392,4338,2/16/2024,79,88
731,415,4034,6/1/2024,83,100
732,394,20,3/12/2024,77,72
733,209,6039,11/17/2023,96,79
734,203,2594,2/28/2024,87,73
735,242,1379,2/8/2024,69,21
736,533,2499,4/30/2024,79,45
737,222,4873,11/2/2023,79,89
738,512,5247,11/8/2023,64,5
739,278,931,5/26/2024,74,89
740,308,1562,2/3/2024,86,98
741,280,5107,1/28/2024,94,43
742,504,2046,5/13/2024,95,21
743,257,5627,9/28/2024,88,87
744,300,6367,3/16/2024,99,82
745,498,2665,4/12/2024,89,71
746,335,4077,1/5/2024,86,20
747,517,3814,5/16/2024,78,49
748,258,1760,12/13/2023,57,96
749,341,1240,5/20/2024,57,64
750,344,4707,8/22/2024,98,11
751,346,2376,1/29/2024,98,43
752,393,6915,2/1/2024,87,93
753,599,609,10/26/2023,96,33
754,213,6996,12/29/2023,87,34
755,338,5915,12/21/2023,92,15
756,246,5047,5/23/2024,99,74
757,271,6336,2/15/2024,92,65
758,217,529,12/18/2023,65,35
759,263,4912,2/14/2024,62,78
760,292,3382,3/11/2024,62,30
761,462,6160,1/2/2024,97,74
762,588,4251,3/11/2024,96,79
763,513,5038,8/14/2024,93,79
764,305,1073,6/14/2024,95,1
765,214,6753,3/8/2024,93,81
766,363,1841,8/24/2024,67,98
767,381,2428,4/26/2024,76,77
768,325,4217,9/2/2024,61,69
769,586,3125,1/1/2024,64,89
770,217,1083,7/21/2024,63,62
771,307,2706,7/21/2024,96,51
772,472,2951,2/5/2024,72,60
773,369,3616,7/19/2024,96,74
774,207,5061,6/20/2024,88,17
775,521,5175,7/15/2024,51,16
776,513,4016,7/27/2024,62,22
777,529,5520,11/29/2023,85,11
778,427,885,11/10/2023,51,87
779,505,802,2/4/2024,58,16
780,451,2082,5/15/2024,57,58
781,515,1544,4/27/2024,66,43
782,498,5434,11/9/2023,70,44
783,410,3311,2/18/2024,52,69
784,376,6470,1/30/2024,56,24
785,506,5461,8/10/2024,96,84
786,591,3204,5/15/2024,60,15
787,419,1944,1/10/2024,100,85
788,465,3273,10/12/2024,54,31
789,556,3260,7/9/2024,63,16
790,357,3201,5/16/2024,74,92
791,358,140,11/28/2023,61,24
792,492,6378,2/19/2024,70,47
793,530,4130,6/13/2024,67,21
794,358,1769,10/27/2023,56,90
795,476,5068,10/7/2024,97,40
796,374,1195,6/2/2024,70,41
797,300,5159,10/16/2023,87,64
798,532,1512,5/3/2024,82,9
799,510,2781,9/20/2024,60,37
800,384,368,1/1/2024,63,28
801,526,6239,11/20/2023,77,15
802,428,6820,12/18/2023,52,11
803,205,1601,6/18/2024,56,21
804,589,3428,11/23/2023,60,4
805,263,944,10/8/2024,85,2
806,211,3826,3/15/2024,62,77
807,382,5911,11/1/2023,56,51
808,360,911,1/26/2024,99,68
809,558,5141,7/7/2024,65,71
810,520,2620,8/28/2024,76,96
811,234,1123,10/6/2024,69,42
812,389,2898,5/12/2024,68,12
813,231,755,10/3/2024,86,78
814,301,2053,5/9/2024,79,58
815,281,2884,6/4/2024,91,48
816,483,2313,9/27/2024,81,71
817,452,3428,1/24/2024,85,74
818,566,4631,4/16/2024,88,100
819,498,2875,8/25/2024,93,14
820,364,121,1/1/2024,58,5
821,218,3460,10/10/2024,92,91
822,218,5848,4/27/2024,67,83
823,260,2773,7/21/2024,86,65
824,315,2854,7/12/2024,81,25
825,468,4132,6/25/2024,61,69
826,215,2183,10/19/2023,68,35
827,378,864,3/24/2024,66,63
828,394,5457,12/12/2023,99,21
829,528,6468,1/20/2024,93,61
830,402,6159,1/1/2024,62,39
831,529,2407,2/17/2024,59,27
832,376,1502,10/4/2024,56,21
833,325,2190,11/23/2023,65,96
834,286,1375,4/19/2024,80,17
835,586,798,6/4/2024,96,14
836,216,1074,4/28/2024,91,8
837,535,2164,7/27/2024,56,42
838,285,6794,2/23/2024,94,47
839,575,3888,9/3/2024,99,94
840,232,343,11/23/2023,80,69
841,507,4056,8/15/2024,59,66
842,524,3969,11/3/2023,98,22
843,429,669,7/24/2024,79,16
844,480,1992,5/1/2024,52,1
845,596,2216,5/14/2024,82,69
846,492,1837,10/30/2023,78,54
847,334,1545,12/21/2023,50,44
848,356,137,2/17/2024,65,46
849,384,71,12/3/2023,58,80
850,368,4900,7/1/2024,87,97
851,381,303,1/15/2024,55,17
852,547,444,9/29/2024,71,41
853,507,3531,8/12/2024,64,91
854,587,6284,1/5/2024,99,56
855,590,3986,3/1/2024,94,7
856,496,3701,5/12/2024,99,31
857,357,2208,8/7/2024,88,6
858,318,3897,2/11/2024,91,72
859,583,1342,8/25/2024,92,6
860,239,4928,10/8/2024,83,93
861,400,6301,11/19/2023,77,29
862,564,5554,3/13/2024,70,87
863,406,5138,5/10/2024,98,20
864,578,2871,3/22/2024,99,67
865,411,1174,7/10/2024,52,27
866,273,2512,6/19/2024,88,96
867,447,6248,5/10/2024,55,85
868,600,4124,8/8/2024,87,20
869,544,3713,12/5/2023,67,92
870,421,5147,6/19/2024,80,25
871,471,6426,7/20/2024,78,13
872,355,3103,8/12/2024,78,82
873,289,1847,9/26/2024,96,93
874,437,3050,7/15/2024,50,58
875,523,5196,11/20/2023,52,89
876,412,1814,12/9/2023,89,55
877,268,2231,8/13/2024,56,23
878,458,6094,6/19/2024,95,27
879,516,931,4/13/2024,50,58
880,556,5940,9/1/2024,72,86
881,461,5338,1/12/2024,68,86
882,547,3750,12/9/2023,63,46
883,297,6896,6/14/2024,63,39
884,510,697,10/9/2024,98,35
885,540,55,12/26/2023,76,90
886,447,5193,11/16/2023,69,51
887,466,6349,12/17/2023,74,88
888,382,2052,1/9/2024,61,91
889,261,4995,3/2/2024,68,97
890,559,3186,2/2/2024,83,6
891,308,4132,6/18/2024,54,76
892,311,2920,10/22/2023,71,45
893,214,2660,4/2/2024,53,25
894,354,897,9/27/2024,76,27
895,350,2397,10/29/2023,67,87
896,404,1281,5/11/2024,99,56
897,267,1376,11/21/2023,79,98
898,204,3433,8/17/2024,50,33
899,585,2261,6/19/2024,70,32
900,370,3162,9/23/2024,79,91
901,236,6510,7/28/2024,62,49
902,466,3614,7/21/2024,99,11
903,292,1290,8/30/2024,67,15
904,462,6603,9/11/2024,97,79
905,351,2698,7/4/2024,91,98
906,525,1887,1/9/2024,83,16
907,399,3607,9/30/2024,74,16
908,256,5253,5/27/2024,60,73
909,409,3258,2/10/2024,86,77
910,327,6657,7/25/2024,58,54
911,311,6830,7/15/2024,85,14
912,506,5235,11/1/2023,72,97
913,325,5277,12/8/2023,80,3
914,228,3130,10/19/2023,94,83
915,328,725,11/30/2023,79,44
916,465,122,1/23/2024,91,23
917,418,3869,2/5/2024,90,74
918,263,5319,4/16/2024,80,82
919,403,3059,4/13/2024,77,84
920,546,5570,11/10/2023,97,31
921,573,6302,5/3/2024,63,64
922,233,4987,3/24/2024,60,80
923,209,3438,5/30/2024,69,78
924,363,1453,8/25/2024,70,26
925,249,4347,1/12/2024,78,29
926,464,444,5/20/2024,88,96
927,480,472,11/15/2023,100,10
928,307,5565,5/29/2024,66,72
929,549,6686,8/9/2024,69,20
930,370,4087,8/5/2024,87,13
931,548,6215,7/15/2024,88,7
932,341,264,1/12/2024,82,60
933,517,2846,11/20/2023,96,20
934,565,4880,6/8/2024,69,45
935,250,6471,1/9/2024,80,14
936,526,4995,10/17/2023,87,89
937,537,2018,7/20/2024,99,94
938,216,3199,10/2/2024,93,12
939,333,4683,9/4/2024,93,80
940,220,3952,9/17/2024,79,59
941,550,6352,12/22/2023,94,87
942,522,5171,8/15/2024,57,18
943,224,901,11/10/2023,69,66
944,365,5560,3/20/2024,82,41
945,395,6517,10/23/2023,58,59
946,569,2161,9/17/2024,51,91
947,205,6816,12/17/2023,68,15
948,303,3894,4/18/2024,58,39
949,332,3482,11/11/2023,50,94
950,434,151,6/10/2024,100,2
951,349,996,5/30/2024,70,32
952,596,3949,11/4/2023,72,40
953,449,991,12/21/2023,81,50
954,345,2051,9/6/2024,85,61
955,491,2069,1/9/2024,58,96
956,448,3743,3/22/2024,65,43
957,541,6767,9/11/2024,98,66
958,480,2240,1/28/2024,86,25
959,212,2963,7/15/2024,81,57
960,315,635,1/1/2024,52,100
961,448,841,3/6/2024,77,38
962,299,6071,3/19/2024,89,61
963,547,6287,9/10/2024,54,5
964,575,692,11/4/2023,87,63
965,336,6072,12/1/2023,71,89
966,333,6602,4/30/2024,95,64
967,249,3800,8/16/2024,95,3
968,240,716,6/29/2024,70,64
969,387,3677,4/11/2024,83,96
970,534,5380,9/8/2024,74,92
971,326,898,5/23/2024,56,28
972,538,3153,8/6/2024,77,78
973,503,3288,2/21/2024,92,38
974,556,1385,11/2/2023,68,70
975,529,4044,4/29/2024,53,91
976,383,2818,4/20/2024,54,1
977,343,1769,11/22/2023,95,67
978,326,3147,6/17/2024,84,15
979,262,4753,9/12/2024,57,10
980,348,6089,3/16/2024,75,60
981,295,4131,8/12/2024,98,23
982,459,3660,2/23/2024,57,60
983,255,5418,3/30/2024,71,82
984,334,5999,7/31/2024,69,4
985,518,4321,1/4/2024,73,52
986,577,4277,11/7/2023,62,39
987,554,5969,7/1/2024,56,82
988,315,808,6/15/2024,62,4
989,596,4977,5/29/2024,68,20
990,443,6837,10/10/2024,51,56
991,381,5878,12/9/2023,77,37
992,538,3390,9/5/2024,63,99
993,449,358,4/3/2024,83,23
994,348,6604,10/28/2023,74,64
995,380,6089,1/10/2024,93,60
996,319,5239,6/12/2024,88,60
997,386,2270,4/12/2024,93,43
998,205,483,6/30/2024,58,63
999,518,5043,9/18/2024,79,97
1000,270,5130,10/7/2024,80,35
