ProductID,ProductName,SupplierID,Category,Price,CreationDate,LastUpdated
484,alcatel Fierce 4,299,alcatel,$28965.40,2/21/2023,5/21/2024
344,Apple iPhone XS Max,653,Apple,$69197.14,9/1/2023,11/18/2024
417,Samsung Galaxy A7 Duos,296,Samsung,$23090.15,5/29/2023,1/25/2024
262,HTC One A9,882,HTC,$49391.62,10/3/2023,6/25/2024
248,Huawei U3300,769,Huawei,$27589.15,3/16/2023,4/7/2024
386,vivo iQOO Z1x,586,vivo,$44764.41,4/8/2023,3/25/2024
530,Xiaomi Redmi 5,346,Xiaomi,$18681.95,8/11/2023,1/10/2024
554,Microsoft Surface Duo,531,Microsoft,$31563.24,9/9/2023,7/24/2024
352,Sagem my200C,419,Sagem,$16741.34,1/21/2023,6/13/2024
293,Xiaomi Mi A2 (Mi 6X),835,Xiaomi,$67321.65,4/7/2023,9/6/2024
331,alcatel OT Easy db,626,alcatel,$32190.44,1/7/2023,11/17/2024
526,Intex Aqua Ace,80,Intex,$39169.11,6/12/2023,4/27/2024
424,Gionee A1 Plus,437,Gionee,$33627.91,2/19/2023,8/4/2024
327,BLU Energy X LTE,140,BLU,$22766.56,5/17/2023,9/2/2024
385,alcatel OT 715,525,alcatel,$24177.49,10/5/2023,6/10/2024
497,Sony Ericsson C905,860,Sony,$65421.48,4/6/2023,6/29/2024
537,Micromax Canvas Unite 4,774,Micromax,$52414.58,4/19/2023,4/18/2024
325,Lenovo Tab 7 Essential,509,Lenovo,$15799.53,5/2/2023,11/27/2024
535,Archos 40 Titanium,411,Archos,$51512.41,1/23/2023,7/30/2024
398,Apple iPhone 6 Plus,466,Apple,$64472.18,1/11/2023,7/11/2024
413,Orange Tahiti,230,Orange,$21830.62,2/21/2023,4/1/2024
553,Philips Xenium K700,926,Philips,$64439.08,2/12/2023,3/6/2024
348,Motorola Talkabout T2288,448,Motorola,$64239.56,5/28/2023,3/29/2024
409,Sony Xperia ZR,768,Sony,$26739.47,6/17/2023,8/3/2024
294,HTC Desire 828 dual sim,849,HTC,$55389.15,8/26/2023,7/7/2024
384,Samsung Galaxy M11,315,Samsung,$10956.87,10/6/2023,7/16/2024
591,LG Q52,881,LG,$59596.71,8/28/2023,6/7/2024
271,LG K5,395,LG,$60437.34,8/12/2023,4/2/2024
531,Samsung D820,603,Samsung,$15616.73,6/23/2023,10/15/2024
406,Xiaomi Redmi 5 Plus (Redmi Note 5),479,Xiaomi,$46342.47,9/16/2023,9/26/2024
251,alcatel A7 XL,220,alcatel,$39024.05,8/10/2023,9/29/2024
322,Lenovo Z5s,729,Lenovo,$12912.23,8/30/2023,5/5/2024
201,alcatel OT-E801,682,alcatel,$39352.03,4/4/2023,10/23/2024
293,Nokia 5210,970,Nokia,$20497.80,2/4/2023,2/11/2024
299,Gionee M30,813,Gionee,$35956.14,6/5/2023,1/1/2024
461,Samsung Galaxy J2 Prime,278,Samsung,$52180.06,6/25/2023,2/28/2024
349,ZTE PF200,787,ZTE,$44054.10,2/14/2023,10/15/2024
586,BLU Studio 5.3 II,669,BLU,$17260.57,9/23/2023,3/18/2024
201,Huawei Ascend G600,352,Huawei,$46030.18,8/16/2023,12/24/2024
513,Samsung Galaxy J2 Core,424,Samsung,$39776.39,4/24/2023,2/25/2024
205,Samsung SGH-800,930,Samsung,$42006.32,5/1/2023,9/26/2024
549,Ericsson A3618,429,Ericsson,$63072.72,8/22/2023,5/7/2024
490,alcatel Net,50,alcatel,$45654.58,6/13/2023,4/9/2024
279,Posh Icon HD X551,501,Posh,$41022.21,5/13/2023,10/2/2024
408,Sagem MC 3000,833,Sagem,$37619.27,5/13/2023,3/11/2024
455,Vodafone Tab Prime 7,18,Vodafone,$67134.29,6/30/2023,8/26/2024
515,Samsung SCH-B100,502,Samsung,$32723.86,6/11/2023,8/3/2024
560,Samsung C400,8,Samsung,$50646.35,5/23/2023,1/17/2024
263,Philips Xenium,275,Philips,$22608.27,2/23/2023,2/8/2024
261,alcatel Pop 10,89,alcatel,$61278.90,2/12/2023,2/10/2024
527,Motorola DROID Maxx,640,Motorola,$55372.65,4/2/2023,4/7/2024
492,vivo Y22,973,vivo,$17862.08,1/5/2023,6/7/2024
382,BlackBerry DTEK60,250,BlackBerry,$55936.24,1/6/2023,9/30/2024
431,Samsung Galaxy S Duos 3,910,Samsung,$38526.09,5/8/2023,9/8/2024
287,Sony Ericsson Z300,820,Sony,$24810.94,2/21/2023,3/9/2024
373,Yezz Liv 2 LTE,386,Yezz,$47902.20,1/27/2023,1/4/2024
584,BLU Studio Selfie LTE,163,BLU,$12363.48,6/17/2023,10/1/2024
254,Oppo F15,975,Oppo,$62302.62,1/9/2023,3/18/2024
380,HTC One ME,573,HTC,$13943.85,8/19/2023,6/9/2024
233,LG GB106,587,LG,$49699.93,6/4/2023,7/19/2024
318,Nokia N75,15,Nokia,$47843.80,3/10/2023,2/9/2024
348,vivo X50 5G,948,vivo,$37828.62,8/31/2023,11/9/2024
559,ZTE S213,519,ZTE,$30271.88,9/5/2023,6/14/2024
468,Toshiba TS808,77,Toshiba,$60753.16,1/28/2023,11/18/2024
406,Bird S663,921,Bird,$47516.72,6/27/2023,3/15/2024
557,Lava Iris X5,194,Lava,$32512.05,9/13/2023,5/11/2024
249,Sony Ericsson Z525,701,Sony,$19138.39,10/6/2023,9/1/2024
313,ZTE Blade D6,67,ZTE,$24702.11,9/9/2023,4/21/2024
578,Sagem my301X,824,Sagem,$42793.68,9/6/2023,12/16/2024
570,Realme Narzo,990,Realme,$41469.69,10/1/2023,7/15/2024
443,Spice M-5180,117,Spice,$38808.70,10/5/2023,12/13/2024
363,Telit Estremo,172,Telit,$14485.38,3/18/2023,7/11/2024
415,Asus Z801,630,Asus,$40587.57,4/21/2023,9/21/2024
411,LG Apex,262,LG,$26642.76,3/2/2023,5/11/2024
473,BLU Tank Xtreme 5.0,495,BLU,$42905.09,8/9/2023,10/25/2024
551,Sony Xperia X,517,Sony,$20748.28,10/2/2023,12/4/2024
436,XOLO Play 8X-1200,948,XOLO,$55784.75,7/2/2023,7/4/2024
372,alcatel OT-363,518,alcatel,$29249.41,10/6/2023,1/7/2024
315,Gionee Marathon M5,504,Gionee,$12781.71,2/2/2023,3/4/2024
372,Motorola RAZR V MT887,751,Motorola,$36412.54,9/24/2023,9/19/2024
512,Prestigio MultiPhone 5451 Duo,834,Prestigio,$27967.99,2/27/2023,7/21/2024
551,Nokia 7510 Supernova,100,Nokia,$48258.34,5/23/2023,8/23/2024
209,Huawei T330,320,Huawei,$41790.96,8/12/2023,8/10/2024
551,Sony Xperia XZ Premium,130,Sony,$57776.33,5/17/2023,1/27/2024
498,Huawei P9 lite mini,367,Huawei,$57965.58,2/10/2023,3/15/2024
351,Honor 9X Pro,347,Honor,$34255.90,7/27/2023,8/2/2024
416,Philips W930,920,Philips,$24791.40,7/25/2023,2/16/2024
331,HTC Rhyme,102,HTC,$31491.27,2/14/2023,5/12/2024
514,HTC Windows Phone 8X,821,HTC,$14112.43,3/11/2023,9/5/2024
434,NIU Tek 5D,711,NIU,$58096.47,4/30/2023,7/26/2024
291,Motorola One Vision Plus,943,Motorola,$69890.38,3/10/2023,4/23/2024
529,Philips X223,522,Philips,$40877.57,1/6/2023,3/19/2024
375,Plum Velocity,59,Plum,$62618.85,7/12/2023,11/17/2024
378,Philips 292,956,Philips,$58995.94,1/25/2023,11/30/2024
283,Philips Xenium 9@9s,694,Philips,$35588.45,9/4/2023,3/3/2024
545,Yezz Liv 2 LTE,144,Yezz,$15271.18,3/22/2023,10/27/2024
356,Mitsubishi Trium Mars,426,Mitsubishi,$31383.18,4/8/2023,4/24/2024
374,Honor 9A,656,Honor,$62110.39,5/12/2023,10/20/2024
394,Allview P10 Life,522,Allview,$43897.72,2/21/2023,4/6/2024
420,LG KF600,70,LG,$54158.48,5/19/2023,6/25/2024
374,Sagem MY C2-2,221,Sagem,$43109.89,4/18/2023,6/24/2024
407,BlackBerry Pearl 8100,858,BlackBerry,$36170.34,3/11/2023,2/2/2024
416,Plum Optimax 7.0,656,Plum,$65792.37,2/3/2023,2/21/2024
261,HTC DROID Incredible 4G LTE,177,HTC,$59196.42,3/13/2023,6/8/2024
325,Siemens SL10,975,Siemens,$41311.88,8/18/2023,9/19/2024
547,Innostream INNO 110,829,Innostream,$27568.41,4/23/2023,6/13/2024
524,Meizu M5,250,Meizu,$69085.13,8/21/2023,3/22/2024
464,Nokia 101,925,Nokia,$31380.23,10/11/2023,2/26/2024
495,alcatel 1S (2020),244,alcatel,$49748.78,7/10/2023,9/27/2024
436,Asus Zenfone Pegasus 3,221,Asus,$57426.00,4/8/2023,5/23/2024
308,Xiaomi Redmi Note Prime,282,Xiaomi,$59615.49,4/29/2023,5/18/2024
353,MWg Zinc II,282,MWg,$29312.70,6/3/2023,9/25/2024
387,vivo Y83 Pro,916,vivo,$43600.37,1/26/2023,10/15/2024
281,Sonim XP7,510,Sonim,$11085.75,1/30/2023,2/18/2024
329,Gionee Elife S5.1,64,Gionee,$63986.43,1/18/2023,1/20/2024
297,Allview X3 Soul mini,569,Allview,$45390.23,8/10/2023,12/12/2024
395,Nokia 1200,396,Nokia,$55119.48,8/4/2023,10/31/2024
340,Honor Pad X6,26,Honor,$48418.71,1/29/2023,5/22/2024
591,XOLO A500L,853,XOLO,$35947.08,8/28/2023,3/13/2024
406,Posh Kick X511,31,Posh,$39484.52,3/1/2023,7/31/2024
318,Nokia Lumia 610 NFC,292,Nokia,$23208.16,1/26/2023,12/19/2024
432,Allview Soul X5 Style,755,Allview,$18580.62,1/20/2023,5/1/2024
542,verykool i127,857,verykool,$28454.78,6/19/2023,6/11/2024
424,Parla Sonic 3.5,419,Parla,$51634.00,6/11/2023,8/24/2024
461,Nokia 800 Tough,456,Nokia,$57365.79,8/9/2023,8/5/2024
516,alcatel OT-203,537,alcatel,$15000.05,1/7/2023,1/8/2024
380,Samsung M300,665,Samsung,$25307.73,2/1/2023,10/11/2024
404,NIU Tek 5D,20,NIU,$67614.67,2/24/2023,6/30/2024
417,Motorola One Vision Plus,902,Motorola,$29947.87,9/29/2023,3/11/2024
448,Amoi A310,69,Amoi,$25122.22,1/12/2023,12/8/2024
366,alcatel OT-223,772,alcatel,$30214.24,5/8/2023,4/2/2024
207,verykool s732,985,verykool,$45209.06,8/23/2023,8/8/2024
422,Micromax Canvas Selfie Lens Q345,545,Micromax,$63042.96,5/21/2023,5/8/2024
260,HTC Butterfly,967,HTC,$53239.80,7/15/2023,12/23/2024
225,Sony Ericsson W980,775,Sony,$31110.60,9/23/2023,9/15/2024
381,alcatel OT-988 Shockwave,804,alcatel,$25421.72,3/31/2023,1/30/2024
341,Samsung X700,995,Samsung,$41696.17,5/6/2023,5/31/2024
496,ZTE Axon 20 5G,525,ZTE,$16392.81,1/12/2023,3/26/2024
538,Chea 228,134,Chea,$68553.15,1/12/2023,11/20/2024
314,Samsung P705,205,Samsung,$65848.45,9/11/2023,5/30/2024
273,vivo Y20,751,vivo,$39007.72,3/13/2023,8/29/2024
489,NIU GO 21,223,NIU,$15412.64,6/1/2023,10/26/2024
370,Prestigio MultiPad 10.1 Ultimate,453,Prestigio,$17151.98,3/7/2023,7/30/2024
521,Acer Liquid E3,254,Acer,$54234.09,10/11/2023,1/3/2024
594,vivo Y15 (2013),188,vivo,$25855.05,1/18/2023,4/17/2024
420,Apple iPhone XR,277,Apple,$15261.90,6/23/2023,2/11/2024
342,Oppo F7,367,Oppo,$21396.52,2/22/2023,11/17/2024
378,Samsung Galaxy Tab Pro 8.4,552,Samsung,$42593.37,9/24/2023,2/27/2024
362,alcatel CareTime,192,alcatel,$21687.07,5/29/2023,2/13/2024
493,Allview Soul X5 Pro,258,Allview,$63657.56,5/19/2023,9/27/2024
372,QMobile M350 Pro,446,QMobile,$59070.42,8/18/2023,8/12/2024
247,BQ Aquaris M5.5,443,BQ,$61855.46,5/1/2023,6/7/2024
343,Qtek 8600,404,Qtek,$26507.97,9/21/2023,10/6/2024
300,Micromax A310 Canvas Nitro,544,Micromax,$40507.90,6/27/2023,2/11/2024
242,Sony Xperia X Ultra,70,Sony,$35808.32,6/15/2023,9/19/2024
300,Spice M-6700,934,Spice,$38458.79,9/30/2023,1/4/2024
262,ZTE Kis III V790,234,ZTE,$32034.99,2/9/2023,3/31/2024
442,Bird D615,342,Bird,$58192.83,3/24/2023,11/20/2024
330,Micromax X640,910,Micromax,$61029.09,9/28/2023,2/23/2024
552,NIU GO 50,793,NIU,$18555.77,3/16/2023,3/6/2024
204,Samsung Galaxy J7 Pro,606,Samsung,$33201.69,1/30/2023,1/13/2024
269,Ulefone Armor X3,514,Ulefone,$62791.80,1/14/2023,10/10/2024
379,Lava A79,110,Lava,$27806.67,8/11/2023,10/24/2024
255,HTC HD7,361,HTC,$69719.26,1/20/2023,7/15/2024
492,Motorola A1260,497,Motorola,$56853.63,7/23/2023,5/29/2024
255,Samsung Galaxy Star Pro S7260,917,Samsung,$54374.43,1/13/2023,8/20/2024
247,Acer Liquid M220,67,Acer,$43914.29,2/8/2023,5/31/2024
309,Icemobile Rainbow,358,Icemobile,$67650.35,5/15/2023,11/3/2024
594,NEC 804N,662,NEC,$38493.38,7/31/2023,12/10/2024
242,Wiko Tommy3 Plus,98,Wiko,$10771.17,6/20/2023,4/22/2024
220,LG KU990 Viewty,60,LG,$11984.05,6/9/2023,4/5/2024
552,verykool i133,521,verykool,$17213.01,9/2/2023,12/8/2024
273,Asus PadFone Infinity 2,772,Asus,$47899.67,1/22/2023,3/30/2024
237,Siemens A36,566,Siemens,$44634.92,3/19/2023,1/5/2024
563,Yezz Andy 5E2I,923,Yezz,$18852.62,5/4/2023,8/26/2024
258,Haier M306,216,Haier,$16916.30,9/11/2023,2/24/2024
517,Haier P6,167,Haier,$65093.12,1/13/2023,3/22/2024
506,HTC Wildfire R70,473,HTC,$14771.28,9/1/2023,12/7/2024
550,Spice Mi-720,380,Spice,$17785.75,4/8/2023,8/4/2024
477,Samsung Galaxy J1 Ace,660,Samsung,$56858.53,8/4/2023,8/5/2024
274,alcatel OT-508A,533,alcatel,$58345.36,5/15/2023,5/19/2024
325,Philips Xenium 9@9u,847,Philips,$42765.84,1/2/2023,5/18/2024
325,Maxwest Nitro 5.5,147,Maxwest,$42193.27,2/22/2023,7/1/2024
571,Plum Signal,564,Plum,$58343.55,2/28/2023,12/2/2024
266,Huawei Y5II,802,Huawei,$29066.90,6/25/2023,8/20/2024
534,Celkon C297,769,Celkon,$67058.50,10/3/2023,12/11/2024
597,Xiaomi Redmi Note 5 AI Dual Camera,459,Xiaomi,$14647.89,5/22/2023,8/26/2024
587,NIU Niutek 3.5B,457,NIU,$44382.97,5/14/2023,7/5/2024
413,Samsung X640,149,Samsung,$55982.51,1/14/2023,4/1/2024
575,Infinix Hot 7,931,Infinix,$28661.57,1/5/2023,9/5/2024
277,LG KP100,206,LG,$26006.17,8/12/2023,4/22/2024
477,Nokia C3,763,Nokia,$67933.98,8/6/2023,5/28/2024
409,Samsung E2550 Monte Slider,915,Samsung,$58234.60,2/15/2023,5/27/2024
204,Samsung T939 Behold 2,959,Samsung,$26703.32,6/25/2023,8/24/2024
413,Apple iPad Wi-Fi,345,Apple,$32478.57,2/2/2023,1/26/2024
295,VK Mobile VK4100,379,VK,$47833.65,2/4/2023,9/24/2024
261,Samsung Galaxy S21+ 5G,894,Samsung,$19728.13,6/7/2023,9/30/2024
484,Oppo R815T Clover,221,Oppo,$45765.67,2/13/2023,4/2/2024
379,LG U400,133,LG,$37589.13,9/19/2023,10/6/2024
309,BLU Studio One Plus,9,BLU,$15512.65,2/3/2023,11/29/2024
345,Gionee F5,970,Gionee,$60044.82,8/22/2023,7/4/2024
439,Gionee A1 Lite,300,Gionee,$66606.97,1/24/2023,3/17/2024
512,Lava Z6,496,Lava,$19198.97,9/7/2023,1/19/2024
590,Huawei T211,586,Huawei,$49782.47,5/21/2023,7/10/2024
263,Gionee Elife E7,413,Gionee,$22696.56,5/22/2023,9/30/2024
571,BLU Life One XL,721,BLU,$69268.64,8/30/2023,8/15/2024
232,Samsung B2100 Xplorer,907,Samsung,$25021.62,4/21/2023,8/10/2024
522,Vodafone Smart ultra 6,970,Vodafone,$33274.91,8/29/2023,4/26/2024
314,Nokia 215 Dual SIM,181,Nokia,$57263.08,2/6/2023,6/15/2024
537,QMobile Noir A15 3D,635,QMobile,$43809.61,3/19/2023,6/14/2024
208,Asus Z801,674,Asus,$65505.60,4/30/2023,9/23/2024
339,Nokia 7070 Prism,971,Nokia,$30790.66,7/24/2023,8/8/2024
411,Samsung Galaxy M21,400,Samsung,$25850.49,4/7/2023,4/9/2024
407,BLU Tank Xtreme Pro,98,BLU,$43171.91,2/2/2023,2/26/2024
385,Honor Watch ES,183,Honor,$10788.04,6/26/2023,1/2/2024
340,Siemens CX75,297,Siemens,$43127.28,1/18/2023,9/1/2024
214,alcatel 1T 10,907,alcatel,$36577.02,6/7/2023,10/12/2024
393,Sony Xperia Z,316,Sony,$12352.19,6/6/2023,11/25/2024
226,Posh Revel Pro X510,321,Posh,$50910.26,10/8/2023,4/17/2024
472,LG G Pad 5 10.1,718,LG,$37272.53,9/29/2023,6/15/2024
579,Celkon 2GB Xpress,812,Celkon,$36630.62,3/20/2023,5/8/2024
467,LG S367,412,LG,$50443.58,3/20/2023,8/9/2024
251,Nokia 4.2,882,Nokia,$54357.86,5/27/2023,6/27/2024
281,BlackBerry Z30,566,BlackBerry,$15264.95,5/19/2023,11/19/2024
258,VK Mobile VK520,880,VK,$26941.53,5/26/2023,5/16/2024
582,Philips F718,738,Philips,$14270.58,5/2/2023,9/20/2024
377,Haier M320+,911,Haier,$65870.77,1/29/2023,7/5/2024
542,Motorola M3188,641,Motorola,$42075.82,10/4/2023,5/2/2024
258,Acer Liquid Jade S,755,Acer,$44895.13,7/22/2023,5/2/2024
281,Gigabyte GSmart i350,748,Gigabyte,$10616.05,3/17/2023,11/10/2024
584,LG A290,634,LG,$41748.78,3/1/2023,2/29/2024
551,BlackBerry Volt,228,BlackBerry,$43072.35,1/30/2023,6/2/2024
533,QMobile Noir A120,406,QMobile,$19205.28,7/18/2023,12/18/2024
308,Samsung S3650W Corby,317,Samsung,$63806.68,9/18/2023,3/24/2024
478,Asus PadFone Infinity,847,Asus,$44127.81,1/9/2023,1/24/2024
499,ZTE Zmax,929,ZTE,$47927.80,9/22/2023,9/2/2024
237,Motorola cd930,722,Motorola,$60496.95,7/28/2023,5/12/2024
329,Acer Iconia Tab A3,875,Acer,$22845.30,4/9/2023,8/22/2024
458,Eten glofiish X500+,567,Eten,$35742.36,9/25/2023,6/29/2024
530,Motorola ME632,779,Motorola,$31863.76,6/20/2023,6/28/2024
256,Motorola ATRIX 4G,341,Motorola,$45312.66,8/25/2023,11/4/2024
275,Celkon C820,794,Celkon,$68494.84,4/2/2023,1/3/2024
287,HTC Touch Diamond2 CDMA,205,HTC,$28032.94,8/19/2023,11/4/2024
442,Allview X4 Soul Infinity Z,554,Allview,$50009.50,1/10/2023,5/16/2024
280,LG CP150,681,LG,$35431.07,1/18/2023,9/4/2024
444,Nokia 5800 XpressMusic,789,Nokia,$20752.99,3/29/2023,10/11/2024
240,Acer Liquid Z2,618,Acer,$41551.71,1/28/2023,6/11/2024
523,Motorola XT928,684,Motorola,$49923.60,4/24/2023,8/7/2024
346,Gionee Marathon M3,206,Gionee,$63568.61,6/28/2023,9/27/2024
377,Samsung A767 Propel,628,Samsung,$45970.01,3/2/2023,10/13/2024
377,Xiaomi Redmi 2 Prime,108,Xiaomi,$36071.83,7/5/2023,8/27/2024
211,alcatel OT-228,50,alcatel,$18646.97,3/15/2023,3/3/2024
391,Lenovo P90,546,Lenovo,$28762.27,5/2/2023,4/18/2024
293,Sagem MY 3078,864,Sagem,$58375.73,6/16/2023,10/17/2024
266,Philips M200,853,Philips,$67784.16,9/6/2023,2/6/2024
243,Gigabyte GSmart G1310,455,Gigabyte,$50860.72,1/20/2023,6/27/2024
581,Acer Liquid M320,718,Acer,$47858.70,6/14/2023,1/10/2024
280,Nokia E5,715,Nokia,$56207.45,9/16/2023,2/3/2024
446,Eten M600,26,Eten,$11661.09,8/4/2023,5/6/2024
482,LG KP265,575,LG,$30076.33,3/25/2023,12/21/2024
580,VK Mobile VK1020,750,VK,$67453.53,6/15/2023,8/30/2024
379,Samsung E1085T,707,Samsung,$26291.58,8/27/2023,4/12/2024
362,Siemens AP75,158,Siemens,$48452.61,9/5/2023,9/26/2024
261,Lenovo Golden Warrior Note 8,567,Lenovo,$40353.06,10/2/2023,5/30/2024
557,Samsung Xcover 271,123,Samsung,$31788.69,9/20/2023,3/13/2024
244,Sony Ericsson W380,811,Sony,$51331.80,4/8/2023,5/14/2024
427,Asus Zenfone 4 Max ZC554KL,822,Asus,$18600.38,5/24/2023,9/6/2024
287,VK Mobile VK540,330,VK,$14131.70,2/10/2023,7/4/2024
380,alcatel OT-E158,536,alcatel,$40791.09,8/8/2023,4/21/2024
271,Fujitsu Siemens T810,212,Fujitsu,$46078.80,1/29/2023,5/30/2024
410,Samsung Galaxy S6 (USA),221,Samsung,$32962.60,8/1/2023,9/9/2024
530,alcatel OT 332,712,alcatel,$31681.75,1/29/2023,8/19/2024
449,BLU Energy X Plus 2,935,BLU,$66143.75,1/2/2023,4/10/2024
427,Huawei Ascend Mate,915,Huawei,$63276.42,9/7/2023,5/30/2024
382,Nokia N97,99,Nokia,$46305.98,3/11/2023,4/8/2024
582,Xiaomi Redmi 5,773,Xiaomi,$66574.80,8/2/2023,10/2/2024
506,Nokia 1662,650,Nokia,$64271.20,8/11/2023,5/2/2024
245,Wiko Jerry,977,Wiko,$22138.64,8/30/2023,11/10/2024
260,BlackBerry 8700c,332,BlackBerry,$59661.20,5/6/2023,9/9/2024
527,Panasonic P55 Novo,969,Panasonic,$43294.79,6/21/2023,10/2/2024
339,Motorola E1060,827,Motorola,$43063.15,10/1/2023,1/26/2024
485,BLU Life One M,616,BLU,$42941.62,1/17/2023,4/6/2024
528,Samsung N500,115,Samsung,$58975.55,2/16/2023,8/21/2024
437,Yezz Epic T7,234,Yezz,$30920.04,8/31/2023,2/13/2024
242,Infinix Hot 6,113,Infinix,$29159.97,3/21/2023,3/31/2024
324,BLU C5 LTE,82,BLU,$10098.37,6/23/2023,10/24/2024
488,LG W30,687,LG,$40371.30,6/27/2023,2/16/2024
431,alcatel OT-902,317,alcatel,$57700.26,7/14/2023,4/12/2024
509,BlackBerry 9720,287,BlackBerry,$25742.22,8/21/2023,3/13/2024
432,Telit t110,97,Telit,$67969.73,6/8/2023,11/30/2024
322,LG KP502 Cookie,664,LG,$20527.82,2/10/2023,6/27/2024
426,Plum Flipper (2018),937,Plum,$33014.79,8/24/2023,11/20/2024
537,Nokia 5235 Comes With Music,231,Nokia,$66923.30,7/30/2023,7/30/2024
243,alcatel OT-813D,846,alcatel,$50748.74,4/18/2023,12/26/2024
219,HTC P3600i,735,HTC,$61422.56,4/14/2023,11/24/2024
382,Philips S220,217,Philips,$19519.67,2/23/2023,9/5/2024
322,Icemobile Sol III,297,Icemobile,$64610.13,10/11/2023,4/7/2024
216,Motorola DROID RAZR MAXX HD,631,Motorola,$20407.35,1/14/2023,8/5/2024
427,Nokia 5530 XpressMusic,778,Nokia,$32474.05,4/18/2023,5/18/2024
575,Toshiba G710,21,Toshiba,$33952.73,8/12/2023,9/4/2024
326,LG Optimus LTE SU640,134,LG,$32045.15,3/1/2023,1/8/2024
233,Microsoft Surface 2,394,Microsoft,$44074.35,7/6/2023,9/14/2024
266,verykool SL5560 Maverick Pro,702,verykool,$61529.33,2/13/2023,4/23/2024
430,Coolpad Roar,935,Coolpad,$60131.90,1/3/2023,5/16/2024
421,Philips D613,727,Philips,$60252.06,1/9/2023,1/25/2024
498,Samsung C300,255,Samsung,$24910.00,3/8/2023,6/16/2024
209,Haier Z300,744,Haier,$32096.35,10/10/2023,7/7/2024
428,NEC DB4000,812,NEC,$20604.74,1/2/2023,10/10/2024
571,Prestigio MultiPad 2 Prime Duo 8.0,493,Prestigio,$35118.20,7/29/2023,2/24/2024
516,Siemens A51,788,Siemens,$45175.35,9/5/2023,10/18/2024
431,Samsung Galaxy S II Skyrocket HD I757,86,Samsung,$20868.72,4/16/2023,5/18/2024
535,Samsung X480,197,Samsung,$62265.35,8/11/2023,2/3/2024
546,Prestigio MultiPad 4 Ultra Quad 8.0 3G,648,Prestigio,$42524.98,8/17/2023,4/21/2024
452,Sagem MC 912,507,Sagem,$48269.23,1/27/2023,11/8/2024
246,Motorola C205,931,Motorola,$15355.96,7/28/2023,11/26/2024
459,Samsung Galaxy S20,62,Samsung,$40765.89,2/25/2023,1/1/2024
461,LG Mach LS860,399,LG,$47615.11,9/24/2023,4/2/2024
456,Celkon CT 1,480,Celkon,$37671.99,5/4/2023,9/16/2024
596,Huawei nova 7 5G,83,Huawei,$39532.94,1/23/2023,11/22/2024
583,HTC Rhyme CDMA,35,HTC,$63797.19,8/24/2023,11/13/2024
385,Blackview A7 Pro,234,Blackview,$20891.48,9/20/2023,3/5/2024
362,Samsung Galaxy Note 4 Duos,408,Samsung,$33407.11,5/10/2023,12/22/2024
538,Motorola Fire,327,Motorola,$59723.25,7/17/2023,8/20/2024
349,Huawei Y7 Pro (2019),780,Huawei,$68363.65,6/6/2023,8/18/2024
312,Motorola V360,208,Motorola,$17304.17,2/16/2023,2/14/2024
499,Gionee Marathon M5 enjoy,213,Gionee,$54875.54,8/25/2023,10/12/2024
248,LG C2200,323,LG,$66381.86,4/17/2023,2/23/2024
595,Prestigio MultiPhone 5400 Duo,3,Prestigio,$59220.24,3/22/2023,3/18/2024
304,Micromax Bolt S302,309,Micromax,$65510.21,7/30/2023,10/4/2024
419,OnePlus 5,242,OnePlus,$45474.78,4/10/2023,10/20/2024
565,Asus V66,472,Asus,$48256.77,2/25/2023,2/14/2024
510,Amazon Fire HD 7,467,Amazon,$57973.09,7/7/2023,10/27/2024
337,Samsung A200,484,Samsung,$64683.72,9/21/2023,1/4/2024
462,i-mobile TV550 Touch,489,i-mobile,$43475.80,1/18/2023,3/18/2024
234,Micromax Unite 4 plus,490,Micromax,$50267.60,7/14/2023,7/17/2024
572,vivo S7e,957,vivo,$63342.92,4/9/2023,8/23/2024
360,alcatel Idol Alpha,773,alcatel,$64216.16,1/19/2023,3/21/2024
287,Acer Liquid Jade,593,Acer,$16975.38,3/31/2023,2/16/2024
537,Lava A76,695,Lava,$47371.66,3/16/2023,12/24/2024
550,Gigabyte GSmart G1317 Rola,914,Gigabyte,$14833.10,5/30/2023,10/16/2024
353,Lava Iris X1 Grand,262,Lava,$23548.72,6/25/2023,5/8/2024
347,Modu Sport jacket,740,Modu,$24948.38,3/9/2023,10/9/2024
501,Micromax Canvas Nitro 3 E352,753,Micromax,$21883.57,5/28/2023,8/17/2024
480,LG F2400,230,LG,$58906.63,4/1/2023,10/30/2024
500,HP Pre 3 CDMA,882,HP,$64824.63,5/6/2023,12/26/2024
540,LG Optimus Big LU6800,762,LG,$30020.97,5/16/2023,9/10/2024
364,Plum Stubby,423,Plum,$40697.65,5/6/2023,11/25/2024
598,NIU Niutek 3.5D,572,NIU,$31500.56,2/19/2023,3/9/2024
375,Huawei MediaPad M6 8.4,457,Huawei,$62944.64,9/2/2023,5/21/2024
486,LG KF305,467,LG,$10475.46,9/7/2023,6/1/2024
361,LG L3100,860,LG,$50362.97,2/18/2023,1/28/2024
442,HTC A12,780,HTC,$43937.59,1/3/2023,6/28/2024
361,Samsung M3510 Beat b,998,Samsung,$50168.20,4/15/2023,5/29/2024
221,Motorola V560,774,Motorola,$69833.19,4/23/2023,8/1/2024
545,Sony Xperia Z2 Tablet Wi-Fi,983,Sony,$61589.11,5/8/2023,2/14/2024
563,Karbonn A37,775,Karbonn,$61033.59,7/24/2023,7/12/2024
465,Micromax Canvas 4 A210,207,Micromax,$49261.39,3/23/2023,11/7/2024
249,verykool i121C,459,verykool,$54057.82,9/2/2023,12/5/2024
509,BLU G9,245,BLU,$19415.08,8/4/2023,3/31/2024
488,Sharp Aquos Zero 2,765,Sharp,$44075.91,8/13/2023,2/29/2024
398,BenQ-Siemens A53,485,BenQ-Siemens,$47059.26,2/15/2023,10/7/2024
249,Samsung Galaxy S21+ 5G,203,Samsung,$14883.29,9/24/2023,7/3/2024
328,Huawei Watch 2 Classic,61,Huawei,$43056.80,3/13/2023,7/25/2024
540,Huawei U3100,98,Huawei,$39820.09,3/4/2023,5/23/2024
494,vivo V20 2021,474,vivo,$58774.18,1/8/2023,4/10/2024
461,Samsung C3200 Monte Bar,498,Samsung,$52741.28,10/4/2023,3/17/2024
584,Samsung Galaxy A8 Duos,698,Samsung,$20875.56,7/6/2023,7/26/2024
455,Ulefone Armor X5 Pro,793,Ulefone,$63162.36,1/17/2023,1/18/2024
244,Amazon Fire 7 (2017),906,Amazon,$32388.67,5/26/2023,6/16/2024
535,Samsung J610,246,Samsung,$25556.77,2/7/2023,7/24/2024
435,BenQ T60,22,BenQ,$60779.00,4/29/2023,11/25/2024
592,Tecno Pova,963,Tecno,$17749.61,2/22/2023,3/7/2024
426,Samsung S5250 Wave525,768,Samsung,$12450.79,2/22/2023,6/9/2024
377,ZTE Optik,188,ZTE,$58001.70,1/19/2023,9/5/2024
304,NEC N342i,180,NEC,$44895.30,9/2/2023,8/26/2024
429,Samsung Ch@t 322,320,Samsung,$33353.59,9/26/2023,1/1/2024
534,Allview Wi10N PRO,969,Allview,$54816.78,8/5/2023,10/18/2024
221,Sony Xperia tipo,184,Sony,$46096.27,3/17/2023,11/14/2024
576,Xiaomi Mi 8 SE,164,Xiaomi,$16158.95,2/22/2023,11/2/2024
581,Philips D822,264,Philips,$28276.73,2/12/2023,2/21/2024
327,Chea 318,362,Chea,$26853.89,2/11/2023,2/17/2024
474,ZTE N280,496,ZTE,$14210.37,9/14/2023,11/28/2024
269,Celkon GC10,359,Celkon,$62977.40,5/22/2023,12/17/2024
244,vivo Y91 (Mediatek),648,vivo,$38981.91,4/27/2023,5/19/2024
579,BLU Studio X,919,BLU,$67627.95,8/15/2023,8/4/2024
541,Allview Impera i,841,Allview,$49920.60,5/19/2023,10/10/2024
313,Bird S1160 Plus,337,Bird,$62252.67,9/14/2023,5/15/2024
453,Samsung A711,774,Samsung,$45138.51,5/10/2023,9/19/2024
532,Allview Viva i8,914,Allview,$22790.31,6/3/2023,12/23/2024
499,alcatel OT-222,353,alcatel,$16177.88,1/14/2023,9/18/2024
412,HTC P6500,447,HTC,$51097.70,10/12/2023,4/10/2024
467,vivo X20 Plus UD,244,vivo,$24813.14,4/12/2023,1/27/2024
411,Samsung E250,618,Samsung,$26328.87,4/28/2023,10/9/2024
428,Samsung Vodafone 360 M1,966,Samsung,$64091.68,7/19/2023,3/20/2024
584,Bird S1186,553,Bird,$10263.03,3/6/2023,3/18/2024
336,Lenovo A328,288,Lenovo,$21609.16,1/15/2023,9/21/2024
511,Lenovo K6 Power,774,Lenovo,$25558.50,3/30/2023,12/20/2024
319,Asus Zenfone Max ZC550KL,903,Asus,$12463.03,4/28/2023,3/17/2024
273,Amoi CS6,762,Amoi,$15120.36,4/1/2023,10/15/2024
489,Allview X4 Xtreme,69,Allview,$18720.43,2/10/2023,2/10/2024
458,HTC One SV,39,HTC,$18288.70,1/17/2023,10/14/2024
472,Samsung Guru Dual 26,44,Samsung,$22560.91,2/27/2023,3/27/2024
217,Spice Fire One (Mi-FX-1),690,Spice,$16687.82,4/23/2023,6/7/2024
415,BLU Studio J5,155,BLU,$16013.07,6/26/2023,10/27/2024
452,Nokia N82,754,Nokia,$66523.74,7/30/2023,9/15/2024
294,LG KC550,921,LG,$46709.65,7/6/2023,11/6/2024
320,Nokia 2220 slide,185,Nokia,$56585.62,3/2/2023,1/17/2024
587,Xiaomi Redmi 7,564,Xiaomi,$32368.56,7/25/2023,8/4/2024
509,HP Slate6 VoiceTab II,963,HP,$32194.08,3/23/2023,7/4/2024
337,Samsung I8190 Galaxy S III mini,875,Samsung,$22626.38,10/8/2023,9/15/2024
422,Samsung T109,948,Samsung,$27372.82,5/29/2023,8/24/2024
509,LG Optimus L9 P760,864,LG,$67590.11,9/25/2023,8/11/2024
438,Meizu M2,347,Meizu,$17998.63,8/19/2023,12/26/2024
377,Honor Play 4T Pro,439,Honor,$10779.78,6/15/2023,10/20/2024
449,Samsung I909 Galaxy S,924,Samsung,$23141.14,1/7/2023,8/4/2024
228,ZTE Anthem 4G,124,ZTE,$22087.34,4/19/2023,11/27/2024
588,Nokia 2310,131,Nokia,$10862.54,1/15/2023,3/3/2024
263,NIU Tek 5D,196,NIU,$26932.77,7/3/2023,4/10/2024
313,Samsung Gear S,54,Samsung,$61523.07,3/4/2023,1/9/2024
418,Micromax X260,323,Micromax,$29148.37,7/6/2023,12/22/2024
315,Energizer Hardcase H240S,146,Energizer,$55562.30,4/9/2023,4/7/2024
269,Vodafone 248,955,Vodafone,$51489.93,4/9/2023,3/9/2024
512,Micromax X395,726,Micromax,$59427.48,1/26/2023,12/1/2024
292,Motorola v8088,746,Motorola,$28207.35,6/27/2023,3/9/2024
407,Samsung E100,729,Samsung,$35496.04,9/25/2023,4/21/2024
505,Philips 530,86,Philips,$11422.31,1/28/2023,7/2/2024
278,Samsung X640,753,Samsung,$21271.21,5/11/2023,9/28/2024
547,Oppo R821T FInd Muse,223,Oppo,$23093.81,7/7/2023,3/20/2024
330,BLU Dash 3.2,973,BLU,$42815.26,4/11/2023,12/26/2024
283,BlackBerry Evolve X,890,BlackBerry,$29262.56,2/15/2023,11/2/2024
487,Samsung Galaxy V Plus,115,Samsung,$67119.34,5/27/2023,4/15/2024
444,Bird A130,1000,Bird,$50368.08,1/14/2023,12/1/2024
232,Nokia X3 Touch and Type S,510,Nokia,$33392.45,1/21/2023,11/13/2024
495,Bird D515,585,Bird,$66798.83,6/19/2023,6/23/2024
215,Coolpad Mega 5A,937,Coolpad,$66169.28,7/26/2023,5/15/2024
508,Panasonic Lumix Smart Camera CM1,904,Panasonic,$45612.31,6/22/2023,12/3/2024
289,Energizer Energy S500E,568,Energizer,$38953.44,3/18/2023,8/23/2024
358,Samsung R910 Galaxy Indulge,572,Samsung,$46276.85,6/6/2023,1/31/2024
510,LG Q51,983,LG,$58738.39,9/23/2023,7/14/2024
352,Haier N60,825,Haier,$20806.13,4/27/2023,12/3/2024
488,Huawei P40 lite,473,Huawei,$65890.29,5/12/2023,10/8/2024
571,Samsung Galaxy W I8150,417,Samsung,$10813.47,6/13/2023,5/15/2024
575,Panasonic T21,130,Panasonic,$19676.86,1/29/2023,4/22/2024
214,Emporia Talk Comfort Plus,370,Emporia,$50764.90,1/5/2023,12/26/2024
312,Lenovo A6010,572,Lenovo,$58501.06,9/18/2023,7/20/2024
460,ZTE Blade Vec 4G,995,ZTE,$37144.82,4/20/2023,11/8/2024
490,Realme X2 Pro,305,Realme,$54559.69,7/1/2023,11/10/2024
295,Chea 308,771,Chea,$36228.96,4/15/2023,8/9/2024
346,NEC e808,237,NEC,$33987.18,5/3/2023,12/24/2024
446,Samsung S5611,83,Samsung,$13392.52,8/12/2023,4/19/2024
252,Spice QT-68,801,Spice,$51510.49,2/3/2023,11/30/2024
401,BLU Tank Xtreme 4.0,770,BLU,$19694.55,9/10/2023,5/24/2024
276,T-Mobile myTouch Q,345,T-Mobile,$34499.99,9/1/2023,7/28/2024
202,Tecno Camon 11,750,Tecno,$55393.25,2/14/2023,11/27/2024
383,QMobile Noir A120,760,QMobile,$52088.42,6/7/2023,10/31/2024
271,BQ Aquaris M4.5,623,BQ,$14081.79,8/10/2023,2/16/2024
268,Lenovo K80,552,Lenovo,$56233.47,1/2/2023,8/16/2024
449,Yezz C21,512,Yezz,$59784.83,9/24/2023,3/11/2024
201,BLU C5,719,BLU,$36091.99,6/4/2023,4/4/2024
368,ZTE Grand X LTE T82,558,ZTE,$11826.13,7/22/2023,1/24/2024
292,Huawei Enjoy 20 5G,79,Huawei,$49734.65,7/1/2023,5/3/2024
440,LG X power2,221,LG,$24900.88,6/14/2023,5/2/2024
560,Nokia 6133,407,Nokia,$60619.77,2/18/2023,7/29/2024
458,Nokia 6822,698,Nokia,$16377.70,6/13/2023,11/30/2024
371,Xiaomi Redmi K30 Pro Zoom,780,Xiaomi,$36581.98,7/20/2023,3/4/2024
575,Philips Fisio 120,366,Philips,$46622.01,6/3/2023,4/2/2024
471,Nokia X7-00,911,Nokia,$63040.58,1/18/2023,6/18/2024
500,Lenovo S750,753,Lenovo,$60776.24,8/21/2023,3/24/2024
325,Bosch Com 509,732,Bosch,$31914.85,2/26/2023,8/26/2024
549,Lenovo Phab2 Plus,191,Lenovo,$14664.28,3/15/2023,7/4/2024
304,Sony Ericsson W350,155,Sony,$68844.19,7/1/2023,5/29/2024
343,Samsung Galaxy S II Skyrocket HD I757,277,Samsung,$52009.36,6/9/2023,7/6/2024
219,Prestigio MultiPhone 5504 Duo,196,Prestigio,$49022.42,9/29/2023,1/23/2024
338,BLU Neo,109,BLU,$48276.01,5/10/2023,7/3/2024
311,Celkon C2000,205,Celkon,$34480.10,10/10/2023,10/3/2024
389,Asus Zenfone 4 Max ZC554KL,887,Asus,$59784.57,6/25/2023,12/21/2024
303,Icemobile Wave,937,Icemobile,$59703.15,8/6/2023,4/19/2024
327,verykool s4510 Luna,968,verykool,$22805.67,7/9/2023,5/26/2024
248,Micromax Canvas 5 Lite Q462,297,Micromax,$31646.63,2/23/2023,2/26/2024
354,Nokia 6708,622,Nokia,$57695.75,7/19/2023,11/21/2024
577,Asus Zenfone 4 Max ZC554KL,150,Asus,$40977.87,1/9/2023,3/26/2024
473,Celkon C509,135,Celkon,$16503.12,1/27/2023,3/12/2024
549,Nokia 1650,659,Nokia,$10179.06,2/20/2023,7/13/2024
208,BLU Dash X Plus,633,BLU,$44361.26,4/12/2023,8/13/2024
297,Micromax A106 Unite 2,436,Micromax,$18881.89,7/27/2023,10/9/2024
417,LG M4300,329,LG,$15450.02,3/26/2023,3/8/2024
406,Gionee Dream D1,126,Gionee,$12009.37,2/16/2023,3/11/2024
333,Spice M 4580,830,Spice,$26966.59,1/24/2023,2/15/2024
519,Sagem my730c,341,Sagem,$27392.78,5/30/2023,5/8/2024
524,VK Mobile VK500,380,VK,$60166.84,8/31/2023,9/24/2024
538,Allview X4 Soul Infinity Z,823,Allview,$66938.11,7/7/2023,6/1/2024
446,ZTE R230,546,ZTE,$29381.22,1/2/2023,1/19/2024
422,Posh Optima LTE L530,333,Posh,$22170.15,2/16/2023,11/1/2024
210,Lenovo A880,608,Lenovo,$55929.89,8/9/2023,1/1/2024
583,Plum Caliber II,29,Plum,$52850.92,4/5/2023,1/29/2024
224,LG G8X ThinQ,973,LG,$31411.33,5/25/2023,5/29/2024
488,Energizer Energy 240,910,Energizer,$63303.73,1/21/2023,7/23/2024
527,Celkon A7,333,Celkon,$56890.65,2/14/2023,12/12/2024
430,Samsung Galaxy Note10+,714,Samsung,$33259.77,8/3/2023,9/30/2024
420,BLU Studio J8 LTE,96,BLU,$45202.41,4/17/2023,2/8/2024
261,Samsung Galaxy A20,611,Samsung,$38039.97,8/13/2023,4/4/2024
285,Honor V8,812,Honor,$63698.32,6/7/2023,7/26/2024
261,Philips X2300,449,Philips,$28392.06,1/25/2023,11/6/2024
384,Gionee K30 Pro,737,Gionee,$40962.57,2/28/2023,6/2/2024
581,LG GS106,25,LG,$16123.66,10/1/2023,5/15/2024
511,HTC EVO 3D CDMA,955,HTC,$55839.47,5/2/2023,1/14/2024
521,T-Mobile myTouch Q,410,T-Mobile,$12480.52,8/16/2023,8/19/2024
594,alcatel Pixi 3 (7),130,alcatel,$31103.63,9/26/2023,5/7/2024
302,Motorola A810,278,Motorola,$66054.91,6/18/2023,4/11/2024
234,Philips Xenium 9@9g,816,Philips,$48188.71,9/22/2023,1/29/2024
395,Xiaomi Redmi Y3,831,Xiaomi,$19100.97,2/9/2023,11/2/2024
463,XOLO Win Q1000,851,XOLO,$40146.49,9/20/2023,9/9/2024
311,BQ Aquaris M4.5,491,BQ,$38860.68,1/7/2023,4/6/2024
452,Samsung Galaxy Alpha,33,Samsung,$10449.51,3/3/2023,7/16/2024
230,LG T5100,202,LG,$63258.77,4/25/2023,2/4/2024
425,Sagem VS1,747,Sagem,$37638.20,3/5/2023,12/5/2024
232,Samsung S3370,756,Samsung,$68710.42,6/1/2023,9/21/2024
330,Sony Ericsson V630,306,Sony,$14264.34,1/11/2023,4/7/2024
390,BLU G70,546,BLU,$58326.55,7/26/2023,10/24/2024
573,LG AKA,677,LG,$25812.47,8/2/2023,3/22/2024
483,verykool S815,491,verykool,$63512.01,3/7/2023,9/14/2024
409,Gigabyte GSmart S1200,209,Gigabyte,$13847.15,3/31/2023,12/11/2024
254,alcatel OT Max,763,alcatel,$48403.30,9/9/2023,10/10/2024
372,Maxon MX-6814,741,Maxon,$39644.47,3/17/2023,1/22/2024
424,Realme 6,829,Realme,$50050.40,6/1/2023,12/25/2024
342,LG K92 5G,187,LG,$20863.05,1/4/2023,8/21/2024
435,Samsung Galaxy Ace 4,880,Samsung,$12750.82,1/28/2023,7/5/2024
207,Nokia 111,804,Nokia,$65276.58,4/21/2023,10/31/2024
509,LG Q70,992,LG,$19208.80,2/9/2023,6/10/2024
323,Icemobile Twister,926,Icemobile,$25862.51,9/25/2023,1/17/2024
354,Micromax A74 Canvas Fun,603,Micromax,$66643.03,8/19/2023,11/24/2024
435,Motorola MPx,633,Motorola,$61287.17,1/8/2023,3/11/2024
237,Nokia 5.1 Plus (Nokia X5),934,Nokia,$68713.27,5/26/2023,5/2/2024
526,Motorola SlimLite,735,Motorola,$44496.79,4/17/2023,11/25/2024
321,BLU Diva X,259,BLU,$18219.82,3/16/2023,10/10/2024
284,Spice S-5010,976,Spice,$17050.91,6/21/2023,8/29/2024
464,XOLO Q900,865,XOLO,$67870.54,10/8/2023,7/10/2024
334,vivo Y15,773,vivo,$41217.04,9/30/2023,4/13/2024
211,alcatel Pop D3,374,alcatel,$49534.66,6/21/2023,4/18/2024
284,Plum Gator 4,693,Plum,$60611.13,7/30/2023,2/13/2024
330,verykool s5200 Orion,707,verykool,$17517.81,8/27/2023,1/21/2024
341,vivo V17 Neo,915,vivo,$30756.07,7/19/2023,1/21/2024
374,Asus Memo Pad FHD10,372,Asus,$17418.60,5/30/2023,10/18/2024
209,LG G350,903,LG,$48006.41,8/1/2023,11/2/2024
200,BLU Grand M2,92,BLU,$44936.55,3/3/2023,10/7/2024
585,BlackBerry 7100x,597,BlackBerry,$44046.66,2/8/2023,2/28/2024
324,Motorola BACKFLIP,745,Motorola,$31817.83,4/3/2023,5/23/2024
530,alcatel Fierce XL,735,alcatel,$41669.96,8/5/2023,9/3/2024
593,ZTE Kis 3,454,ZTE,$48123.23,5/8/2023,2/22/2024
409,Gionee S96,143,Gionee,$15932.42,1/7/2023,12/2/2024
410,Yezz Andy 3.5EI2,904,Yezz,$65952.28,4/20/2023,9/18/2024
301,Telit GM 810,720,Telit,$35367.92,5/18/2023,7/31/2024
310,Nokia 5140i,824,Nokia,$65718.42,10/13/2023,9/19/2024
300,Sony Ericsson Aino,575,Sony,$12432.76,10/7/2023,10/2/2024
297,Sharp Z2,119,Sharp,$26530.08,3/16/2023,1/22/2024
376,Huawei Ascend Mate,389,Huawei,$15570.97,3/28/2023,5/1/2024
549,LG Trax CU575,948,LG,$33576.35,7/15/2023,5/14/2024
303,Realme Watch S,65,Realme,$19211.62,8/20/2023,10/16/2024
501,Samsung Ch@t 220,843,Samsung,$31858.65,1/29/2023,2/4/2024
374,Philips W635,36,Philips,$69731.38,10/6/2023,5/23/2024
347,Posh Pegasus Plus C351,781,Posh,$41318.54,6/18/2023,1/25/2024
569,Huawei nova 5 Pro,181,Huawei,$19996.82,9/21/2023,7/4/2024
292,Palm Treo 750,772,Palm,$19669.87,5/15/2023,2/3/2024
498,Infinix S5 Pro (48+40),20,Infinix,$16252.06,5/31/2023,12/2/2024
400,Plum Caliber,3,Plum,$18506.76,9/6/2023,1/28/2024
273,Celkon C7030,178,Celkon,$14937.42,6/9/2023,7/10/2024
264,Asus Memo Pad 8 ME180A,175,Asus,$30360.99,2/17/2023,4/5/2024
469,verykool s5200 Orion,804,verykool,$40141.96,3/31/2023,7/6/2024
340,Motorola Moto 360 42mm (2nd gen),262,Motorola,$30980.81,2/11/2023,11/4/2024
459,LG Lucid2 VS870,343,LG,$62138.07,4/13/2023,4/19/2024
576,Motorola C975,6,Motorola,$11645.34,1/18/2023,11/10/2024
476,Apple iPhone 6,415,Apple,$23068.99,1/7/2023,7/8/2024
295,BLU Touch Book M7,697,BLU,$56366.00,3/20/2023,8/22/2024
331,Asus J501,159,Asus,$67599.03,1/4/2023,3/1/2024
352,Cat B25,790,Cat,$60846.61,4/15/2023,11/3/2024
255,BLU G6,629,BLU,$33586.17,1/23/2023,4/25/2024
440,Lenovo Tab 4 8,121,Lenovo,$18097.95,9/19/2023,8/6/2024
481,Acer beTouch E400,457,Acer,$22293.23,4/20/2023,4/30/2024
465,verykool i410,457,verykool,$16922.59,5/6/2023,7/18/2024
552,Gionee Pioneer P2M,526,Gionee,$43041.29,5/31/2023,4/15/2024
580,ZTE Blade V7 Max,251,ZTE,$24519.04,2/7/2023,4/12/2024
259,Lenovo Z5 Pro,792,Lenovo,$24302.14,7/23/2023,2/3/2024
294,Plum Whiz,804,Plum,$59625.87,6/24/2023,2/17/2024
252,Realme Q2 Pro,777,Realme,$59815.38,1/19/2023,5/22/2024
437,Nokia C2,800,Nokia,$16056.67,4/17/2023,7/14/2024
538,XOLO Q500,446,XOLO,$65622.26,6/8/2023,1/18/2024
383,Mitac MIO Leap K1,230,Mitac,$69886.62,3/10/2023,10/17/2024
343,Siemens CF62,87,Siemens,$10206.48,6/15/2023,8/10/2024
546,Nokia N77,638,Nokia,$24923.54,1/6/2023,6/22/2024
480,Nokia 6301,846,Nokia,$52118.40,1/26/2023,4/22/2024
527,vivo Y51s,655,vivo,$50274.56,3/31/2023,4/28/2024
592,verykool i126,888,verykool,$59414.26,2/23/2023,1/21/2024
515,"vivo Y51 (2020, September)",895,vivo,$34544.58,2/20/2023,9/2/2024
408,NEC N610,522,NEC,$25083.66,3/2/2023,9/24/2024
276,Panasonic Eluga I5,86,Panasonic,$12908.46,5/30/2023,7/27/2024
297,OnePlus Nord N10 5G,862,OnePlus,$37813.24,5/14/2023,6/3/2024
265,Samsung P260,198,Samsung,$39418.62,8/16/2023,4/11/2024
442,Karbonn A6,230,Karbonn,$27884.55,6/3/2023,3/3/2024
329,YU Yuphoria,740,YU,$60987.41,6/27/2023,1/9/2024
382,Micromax Bolt Supreme 2 Q301,651,Micromax,$42528.36,3/10/2023,9/30/2024
389,Nokia C1-00,780,Nokia,$10059.81,4/27/2023,10/7/2024
590,Maxwest Gravity 5,272,Maxwest,$44595.06,5/2/2023,10/2/2024
566,Asus Google Nexus 7 Cellular,772,Asus,$69354.78,9/28/2023,2/2/2024
433,OnePlus 8,332,OnePlus,$49340.93,5/10/2023,8/11/2024
371,alcatel Lollipops,570,alcatel,$35499.85,6/21/2023,1/8/2024
373,Xiaomi Redmi K30 5G,859,Xiaomi,$54759.43,10/9/2023,2/24/2024
287,LG K41S,367,LG,$11276.28,3/8/2023,2/7/2024
236,Karbonn A30,457,Karbonn,$27968.41,9/22/2023,2/7/2024
378,Lenovo A536,478,Lenovo,$69496.83,10/7/2023,5/19/2024
568,Sony Xperia XZ1,972,Sony,$63199.82,4/28/2023,5/14/2024
457,Honor View 10,250,Honor,$57975.73,4/14/2023,2/4/2024
342,Sony Xperia L2,174,Sony,$51729.57,5/8/2023,2/10/2024
254,Spice QT-68,802,Spice,$31847.88,7/17/2023,3/25/2024
303,LG KF310,345,LG,$29549.87,10/7/2023,9/28/2024
578,verykool i130,891,verykool,$55678.06,5/5/2023,6/27/2024
316,Icemobile Storm,743,Icemobile,$25938.08,5/25/2023,6/28/2024
419,BLU Samba,315,BLU,$10328.43,6/15/2023,8/6/2024
231,Amazon Fire Phone,75,Amazon,$52707.41,6/18/2023,6/1/2024
385,Telit t550,191,Telit,$28029.92,6/1/2023,10/31/2024
453,Samsung SGH-800,316,Samsung,$28476.65,5/22/2023,9/19/2024
329,BlackBerry Playbook,316,BlackBerry,$47508.19,5/7/2023,2/6/2024
482,Vertu Ascent Ferrari GT,385,Vertu,$13351.45,9/19/2023,3/20/2024
498,Infinix Smart,694,Infinix,$16649.07,7/11/2023,11/28/2024
366,Philips S800,740,Philips,$32774.26,2/28/2023,6/2/2024
573,Haier P8,1000,Haier,$15870.80,3/10/2023,1/14/2024
511,Nokia 7230,827,Nokia,$60456.29,8/11/2023,4/16/2024
399,Celkon A95,636,Celkon,$22803.60,6/5/2023,12/26/2024
355,HTC Sensation 4G,601,HTC,$30436.12,7/7/2023,6/15/2024
251,Samsung U700,117,Samsung,$20925.82,4/6/2023,12/25/2024
502,Asus P320,287,Asus,$23221.70,1/18/2023,2/10/2024
379,ZTE Grand S II,339,ZTE,$28311.98,2/16/2023,2/5/2024
236,HTC Smart,340,HTC,$15901.55,4/3/2023,4/3/2024
399,BLU Samba TV,916,BLU,$63613.45,9/27/2023,2/13/2024
575,Micromax X560,13,Micromax,$19454.08,8/3/2023,10/25/2024
290,Plum Signal,717,Plum,$32945.53,9/23/2023,9/3/2024
333,Samsung Galaxy J3 (2017),787,Samsung,$65964.87,1/24/2023,2/15/2024
448,Realme X50 Pro 5G,284,Realme,$65340.33,3/11/2023,6/23/2024
221,Lava A72,201,Lava,$69860.03,6/28/2023,7/11/2024
494,Nokia XL,644,Nokia,$53283.75,4/27/2023,10/15/2024
523,Bird D660,577,Bird,$28990.54,2/5/2023,10/26/2024
332,Vodafone Smart Tab 10,73,Vodafone,$11026.40,9/29/2023,6/6/2024
406,Asus ZenFone Lite (L1) ZA551KL,388,Asus,$69538.10,3/26/2023,3/19/2024
366,Sony Xperia Z1 Compact,789,Sony,$67201.26,1/28/2023,6/6/2024
528,Samsung Galaxy J7 V,887,Samsung,$24300.42,3/27/2023,10/3/2024
331,i-mobile TV 533,686,i-mobile,$60295.81,3/20/2023,3/30/2024
269,Wiko Sunny Max,194,Wiko,$69526.36,5/1/2023,5/1/2024
227,Meizu MX 4-core,839,Meizu,$45903.79,5/20/2023,8/12/2024
597,NEC N400i,509,NEC,$38781.18,4/4/2023,5/26/2024
547,Celkon C90,678,Celkon,$19081.10,8/18/2023,6/2/2024
564,Sony SmartWatch 3 SWR50,44,Sony,$26491.42,10/13/2023,11/28/2024
374,Philips S220,543,Philips,$51935.31,5/20/2023,12/23/2024
572,Gionee Steel 2,860,Gionee,$64019.81,9/30/2023,9/23/2024
495,Lenovo A6 Note,296,Lenovo,$25608.51,4/7/2023,9/6/2024
257,Motorola Moto X (2nd Gen),869,Motorola,$18635.62,1/26/2023,8/10/2024
302,i-mobile 518,51,i-mobile,$65555.46,2/6/2023,8/15/2024
376,Apple iPad Air 2,705,Apple,$29014.63,1/6/2023,1/23/2024
471,BLU Studio 5.0 C HD,666,BLU,$38368.90,9/17/2023,3/15/2024
500,Micromax A108 Canvas L,193,Micromax,$26611.10,2/5/2023,7/30/2024
291,Dell Venue 7,41,Dell,$39786.56,4/12/2023,4/7/2024
339,Xiaomi Mi 5c,897,Xiaomi,$29818.51,7/3/2023,9/3/2024
374,verykool i720,425,verykool,$19633.44,5/17/2023,7/19/2024
400,Nokia 2323 classic,708,Nokia,$53505.32,4/17/2023,4/15/2024
526,Eten glofiish X800,791,Eten,$18536.72,1/16/2023,8/8/2024
582,Samsung C3322,606,Samsung,$51918.87,10/7/2023,4/16/2024
416,Allview Viva Q8,679,Allview,$58882.76,8/20/2023,12/16/2024
446,Samsung Galaxy Pop Plus S5570i,661,Samsung,$57868.76,4/15/2023,10/28/2024
560,Huawei Enjoy Tablet 2,937,Huawei,$61630.42,8/29/2023,2/29/2024
422,LG G Stylo,513,LG,$19927.97,8/27/2023,2/22/2024
433,BLU Studio 5.0 CE,257,BLU,$45722.63,2/21/2023,8/23/2024
498,Samsung P6810 Galaxy Tab 7.7,88,Samsung,$45430.38,3/13/2023,7/4/2024
513,Icemobile Twister,172,Icemobile,$21685.94,4/20/2023,11/25/2024
216,Gigabyte GSmart MW998,631,Gigabyte,$42171.20,7/27/2023,4/11/2024
581,vivo Z1 Lite,792,vivo,$28709.93,8/3/2023,4/4/2024
480,Lava Iris 325 Style,276,Lava,$67300.43,8/18/2023,1/4/2024
233,Haier U53,821,Haier,$40847.08,9/15/2023,11/30/2024
217,Panasonic Lumix Smart Camera CM1,22,Panasonic,$39399.93,4/28/2023,11/8/2024
417,Honor 6A (Pro),863,Honor,$45525.40,7/30/2023,10/10/2024
458,Siemens A50,31,Siemens,$32209.40,5/29/2023,5/1/2024
496,Lava Iris 250,985,Lava,$16148.54,9/16/2023,12/23/2024
256,Huawei IDEOS S7 Slim CDMA,473,Huawei,$44993.75,8/14/2023,10/12/2024
491,Motorola W380,555,Motorola,$52181.41,3/5/2023,10/6/2024
311,Motorola RAZR2 V8,81,Motorola,$17789.52,10/6/2023,12/23/2024
460,Samsung Galaxy S II T989,511,Samsung,$41631.85,2/6/2023,6/30/2024
386,Lenovo Z5 Pro,683,Lenovo,$57170.68,5/16/2023,5/31/2024
449,Nokia 2680 slide,993,Nokia,$66345.09,8/23/2023,6/5/2024
229,Meizu MX5,592,Meizu,$19328.86,9/16/2023,6/4/2024
412,Nokia 8800 Gold Arte,25,Nokia,$54135.89,4/23/2023,11/29/2024
366,ZTE V821,809,ZTE,$10135.62,5/1/2023,2/6/2024
419,Nokia 7200,323,Nokia,$34401.46,10/12/2023,7/20/2024
367,LG C1100,100,LG,$35605.00,6/10/2023,9/27/2024
405,Maxwest Blade,664,Maxwest,$65685.64,5/20/2023,9/5/2024
461,Motorola RAZR XT910,510,Motorola,$42864.58,4/10/2023,7/27/2024
569,O2 XDA Trion,592,O2,$37886.92,2/5/2023,3/2/2024
298,LG GT505,668,LG,$26716.92,9/17/2023,10/15/2024
218,Vodafone 228,916,Vodafone,$57988.30,9/8/2023,1/17/2024
409,Xiaomi Redmi Note 9 Pro Max,830,Xiaomi,$59628.84,9/22/2023,2/19/2024
493,Micromax X500,767,Micromax,$49756.99,1/4/2023,11/15/2024
218,Plum Tweek,845,Plum,$64771.62,4/27/2023,8/4/2024
465,Motorola MT810lx,906,Motorola,$62423.70,8/11/2023,11/19/2024
318,Siemens A36,238,Siemens,$42715.87,9/2/2023,7/26/2024
401,Plum Compass 2,292,Plum,$55243.67,7/14/2023,9/26/2024
268,LG X5,6,LG,$19204.28,4/27/2023,1/9/2024
389,Acer Liquid Z220,398,Acer,$16414.16,4/2/2023,7/7/2024
599,ZTE Blade X5,970,ZTE,$35971.95,5/21/2023,4/2/2024
495,HTC Exodus 1,542,HTC,$20598.94,3/15/2023,3/28/2024
549,Sagem my411C Oxbow,588,Sagem,$20385.98,9/18/2023,7/4/2024
514,NIU LIV 10,27,NIU,$56084.68,1/9/2023,5/26/2024
499,Samsung B3410,559,Samsung,$52934.53,6/3/2023,2/2/2024
376,Celkon A77,93,Celkon,$58417.70,5/8/2023,9/5/2024
204,Energizer Hardcase H242S,546,Energizer,$40909.18,1/5/2023,1/21/2024
575,Samsung I8530 Galaxy Beam,400,Samsung,$39882.21,4/20/2023,4/28/2024
425,Huawei P40 lite,406,Huawei,$61231.16,5/11/2023,7/7/2024
361,BLU Touch Book 7.0 Plus,816,BLU,$38968.18,1/19/2023,2/13/2024
320,Nokia Asha 310,72,Nokia,$30223.67,2/8/2023,12/22/2024
595,HTC Desire 600 dual sim,145,HTC,$15155.66,2/19/2023,5/12/2024
508,T-Mobile Move Balance,17,T-Mobile,$28396.59,3/16/2023,12/6/2024
319,BLU Neo X Plus,946,BLU,$14967.22,7/11/2023,2/12/2024
397,Samsung F275,515,Samsung,$21840.47,10/11/2023,8/11/2024
434,Huawei nova 5i Pro,391,Huawei,$18606.71,2/7/2023,11/11/2024
368,Pantech Flex  P8010,368,Pantech,$30421.35,1/3/2023,6/4/2024
546,Micromax Bolt A067,307,Micromax,$64641.85,5/16/2023,9/30/2024
426,NEC N923,487,NEC,$10001.94,4/2/2023,3/4/2024
290,NIU Niutek 3.5B,590,NIU,$52877.41,2/2/2023,12/26/2024
592,Micromax Funbook Pro,676,Micromax,$61133.86,9/7/2023,3/8/2024
249,Sharp Aquos Crystal,839,Sharp,$38943.32,1/27/2023,4/11/2024
425,Motorola Moto C Plus,725,Motorola,$33382.19,6/28/2023,11/10/2024
581,Nokia E73 Mode,627,Nokia,$42006.53,3/5/2023,11/23/2024
560,Realme Watch S Pro,830,Realme,$35642.69,5/15/2023,2/13/2024
428,Sony Xperia Z3+,676,Sony,$59170.13,1/10/2023,2/23/2024
552,Oppo Reno4 SE,229,Oppo,$10508.96,4/5/2023,4/6/2024
375,Acer Liquid E2,571,Acer,$48540.31,2/27/2023,6/17/2024
254,Prestigio MultiPhone 5508 Duo,171,Prestigio,$22112.11,2/26/2023,9/9/2024
202,Samsung Galaxy A8 Duos,673,Samsung,$22179.88,9/3/2023,5/13/2024
525,Modu Mini jacket,267,Modu,$37526.30,6/28/2023,12/21/2024
397,Apple iPhone 12 Pro Max,384,Apple,$37058.23,6/25/2023,3/17/2024
401,Sony Ericsson V600,183,Sony,$63514.11,5/4/2023,12/14/2024
312,Sendo P600,172,Sendo,$48020.37,9/11/2023,7/11/2024
241,Nokia 5230,70,Nokia,$23522.01,9/5/2023,3/19/2024
497,Huawei Ascend G526,190,Huawei,$67162.19,4/1/2023,5/28/2024
308,Samsung P6210 Galaxy Tab 7.0 Plus,87,Samsung,$55582.22,3/23/2023,10/15/2024
299,Gionee K6,645,Gionee,$28288.81,8/22/2023,8/31/2024
265,ZTE V880E,885,ZTE,$42447.03,3/18/2023,4/16/2024
214,Samsung Mpower TV S239,982,Samsung,$12446.07,1/10/2023,4/30/2024
269,Amoi A102,651,Amoi,$50447.93,7/25/2023,2/2/2024
435,LG KE260,917,LG,$53623.06,2/4/2023,6/14/2024
409,alcatel OT-880 One Touch XTRA,389,alcatel,$68999.61,6/10/2023,2/11/2024
432,Sagem MC 932,533,Sagem,$51150.62,6/5/2023,11/13/2024
549,Tecno Phantom 8,956,Tecno,$28237.33,6/23/2023,11/17/2024
491,ZTE R220,529,ZTE,$25195.65,4/24/2023,11/21/2024
279,HTC Desire 19+,976,HTC,$34641.52,1/20/2023,11/23/2024
312,Vodafone Smart X9,73,Vodafone,$51555.92,6/21/2023,12/1/2024
206,Plum Trigger Plus,924,Plum,$61313.74,9/2/2023,3/13/2024
479,Motorola EM30,395,Motorola,$59674.22,5/23/2023,4/30/2024
488,HTC Butterfly 3,475,HTC,$61145.46,3/28/2023,3/22/2024
333,Samsung C3730C,908,Samsung,$66183.56,8/18/2023,11/7/2024
245,LG V60 ThinQ 5G UW,632,LG,$61467.17,9/14/2023,9/20/2024
521,LG C365,559,LG,$10889.61,9/23/2023,2/12/2024
536,Micromax X256,646,Micromax,$67133.45,6/26/2023,10/17/2024
419,Coolpad Torino S,313,Coolpad,$13391.29,1/28/2023,9/3/2024
555,Samsung Z710,912,Samsung,$15751.19,7/23/2023,1/7/2024
252,Pantech PG-2800,553,Pantech,$58722.72,7/23/2023,6/3/2024
225,Maxwest Vice,95,Maxwest,$41914.51,1/25/2023,9/15/2024
544,Maxon MX-3205F,712,Maxon,$41870.18,3/4/2023,6/7/2024
478,Lenovo Vibe Z2 Pro,657,Lenovo,$53638.74,6/28/2023,4/7/2024
296,Lenovo S60,587,Lenovo,$39851.58,1/24/2023,2/27/2024
309,Huawei Y6p,932,Huawei,$37827.15,3/2/2023,7/24/2024
465,Samsung Z140,65,Samsung,$60822.88,2/21/2023,9/24/2024
467,Maxon MX-C20,681,Maxon,$67639.05,7/5/2023,2/11/2024
311,ZTE Grand Xmax,592,ZTE,$24775.41,7/18/2023,5/10/2024
266,YU Yunique Plus,114,YU,$45650.59,7/11/2023,1/25/2024
262,Infinix Zero 8,589,Infinix,$44199.73,10/11/2023,6/28/2024
201,Allview V2 Viper S,792,Allview,$14162.89,7/30/2023,6/6/2024
579,Nokia 3.4,9,Nokia,$43497.16,1/9/2023,1/21/2024
429,Nokia 5630 XpressMusic,640,Nokia,$65453.77,8/17/2023,12/23/2024
529,Haier V6200,132,Haier,$19655.03,3/10/2023,11/27/2024
548,Samsung i8910 Omnia HD,184,Samsung,$44480.29,5/27/2023,2/11/2024
244,Nokia 3650,580,Nokia,$67749.40,8/28/2023,2/15/2024
597,Huawei P30 Pro,955,Huawei,$37539.36,2/27/2023,5/28/2024
330,HTC Windows Phone 8S,459,HTC,$57615.36,7/3/2023,6/2/2024
390,BlackBerry Pearl 8120,565,BlackBerry,$20621.49,7/30/2023,8/10/2024
455,T-Mobile MDA Vario V,836,T-Mobile,$43034.95,5/11/2023,2/6/2024
299,Panasonic G70,264,Panasonic,$23154.93,10/2/2023,9/6/2024
528,NIU F10,167,NIU,$63908.61,9/3/2023,4/23/2024
293,Samsung Galaxy A41,217,Samsung,$48735.76,7/13/2023,9/16/2024
229,Lava Iris 470,266,Lava,$14506.78,7/11/2023,6/11/2024
299,Telit t200,63,Telit,$16557.16,7/28/2023,7/2/2024
545,Nokia 2652,925,Nokia,$65953.81,3/15/2023,9/11/2024
449,Innostream INNO P10,64,Innostream,$39559.27,8/29/2023,10/23/2024
200,alcatel Pixi 3 (5.5) LTE,554,alcatel,$44442.50,1/20/2023,6/2/2024
308,Maxwest Astro 5,807,Maxwest,$62424.67,1/19/2023,9/10/2024
298,alcatel OT-508A,156,alcatel,$33505.73,7/1/2023,4/6/2024
534,BLU Dual SIM Lite,325,BLU,$37840.88,7/7/2023,10/6/2024
274,BLU Studio J5,907,BLU,$64949.24,7/5/2023,12/26/2024
477,Pantech G500,638,Pantech,$16762.86,10/9/2023,12/13/2024
376,Infinix Zero 6 Pro,859,Infinix,$65631.38,4/9/2023,9/7/2024
397,Sony Xperia E1,148,Sony,$52466.70,4/2/2023,5/31/2024
522,Telit t180,9,Telit,$30224.63,10/13/2023,12/21/2024
525,Celkon C555,3,Celkon,$49381.51,1/11/2023,6/4/2024
466,BLU Samba Elite,914,BLU,$22466.56,8/13/2023,7/4/2024
496,Nokia 1600,350,Nokia,$58884.19,6/6/2023,9/12/2024
201,BLU Studio Mini,595,BLU,$19505.42,8/21/2023,1/7/2024
410,alcatel One Touch Fire,775,alcatel,$44247.20,7/14/2023,3/25/2024
580,Huawei MediaPad 7 Youth,182,Huawei,$30475.46,9/22/2023,8/8/2024
572,verykool i122,928,verykool,$37313.95,3/29/2023,11/4/2024
227,Samsung Galaxy Xcover 3,606,Samsung,$60522.04,5/29/2023,5/29/2024
551,Asus Zenpad S 8.0 Z580C,820,Asus,$42225.15,9/16/2023,7/31/2024
214,ZTE nubia Red Magic 5G Lite,688,ZTE,$36362.97,9/9/2023,4/26/2024
400,Micromax Q75,962,Micromax,$63333.09,3/19/2023,8/15/2024
411,Tecno Phantom 6,94,Tecno,$17024.13,4/25/2023,11/18/2024
589,XOLO A500,425,XOLO,$13917.94,2/4/2023,4/11/2024
483,Samsung Galaxy Pocket Duos S5302,877,Samsung,$20335.84,3/16/2023,11/9/2024
413,Sonim XP3400 Armor,936,Sonim,$19453.80,1/6/2023,7/15/2024
526,Amazon Fire HD 10 (2017),679,Amazon,$21040.17,7/25/2023,9/4/2024
503,LG Axis,265,LG,$23938.38,4/28/2023,6/29/2024
498,ZTE Blade A7 Prime,925,ZTE,$36905.37,3/18/2023,12/19/2024
580,Nokia E50,965,Nokia,$11422.32,9/20/2023,9/13/2024
244,Emporia Care Plus,544,Emporia,$59550.40,4/24/2023,9/7/2024
203,Sharp Aquos B10,1000,Sharp,$66318.85,6/11/2023,11/22/2024
546,Ulefone Armor X7,812,Ulefone,$26958.86,7/20/2023,4/21/2024
269,Nokia 3.2,471,Nokia,$46703.18,9/27/2023,6/6/2024
303,LG E2,350,LG,$29398.27,9/26/2023,6/25/2024
433,Celkon Q44,516,Celkon,$13097.49,10/7/2023,9/6/2024
540,Motorola One Vision Plus,195,Motorola,$49476.35,7/7/2023,8/13/2024
534,Nokia 6800,560,Nokia,$14599.88,3/19/2023,7/30/2024
206,QMobile A1,641,QMobile,$61637.26,2/7/2023,6/5/2024
574,Acer Iconia One 7 B1-730,465,Acer,$29997.15,7/28/2023,6/18/2024
366,LG L343i,423,LG,$16086.82,8/28/2023,8/13/2024
260,Samsung A887 Solstice,625,Samsung,$41277.47,5/18/2023,10/31/2024
467,vivo Z3x,105,vivo,$55951.99,2/12/2023,4/6/2024
371,Lenovo S60,969,Lenovo,$49760.40,1/11/2023,2/26/2024
394,Unnecto Quattro,256,Unnecto,$43127.50,10/4/2023,11/21/2024
280,HTC Advantage X7500,712,HTC,$49814.81,9/9/2023,6/15/2024
389,Philips D833,962,Philips,$35598.18,7/3/2023,10/11/2024
452,Haier V700,587,Haier,$38889.80,5/1/2023,2/14/2024
499,Philips D900,457,Philips,$24982.19,8/30/2023,5/28/2024
573,Sony Ericsson Xperia Duo,161,Sony,$44200.05,4/10/2023,8/16/2024
386,Asus P552w,473,Asus,$49254.15,1/17/2023,1/1/2024
504,ZTE T98,833,ZTE,$42043.65,7/15/2023,3/11/2024
391,HTC Salsa,118,HTC,$19378.97,6/30/2023,7/18/2024
566,Philips Xenium 9@9e,355,Philips,$55200.79,5/31/2023,9/2/2024
404,Sharp FX,718,Sharp,$45704.63,4/22/2023,7/26/2024
494,i-mobile TV 626,669,i-mobile,$26066.06,9/10/2023,12/11/2024
543,ZTE Axon 11 5G,990,ZTE,$62952.54,9/20/2023,2/24/2024
555,Xiaomi Redmi Note 4,150,Xiaomi,$42034.64,2/1/2023,10/17/2024
566,Nokia C5,821,Nokia,$14559.66,9/8/2023,3/29/2024
238,Nokia 1112,547,Nokia,$59537.67,2/16/2023,10/5/2024
299,Sony Ericsson W595,192,Sony,$68158.70,8/21/2023,3/28/2024
583,Amoi A320,890,Amoi,$55647.95,9/13/2023,3/3/2024
263,Lava A48,887,Lava,$61220.09,5/6/2023,9/7/2024
532,Nokia E75,830,Nokia,$31351.70,6/8/2023,12/10/2024
314,LG Optimus Q LU2300,643,LG,$16246.43,7/3/2023,4/10/2024
405,Orange Gova,853,Orange,$60181.56,2/7/2023,11/10/2024
363,Samsung Galaxy Note Edge,404,Samsung,$50785.56,7/16/2023,11/19/2024
314,Motorola Z6w,499,Motorola,$34788.60,8/21/2023,12/13/2024
276,vivo iQOO Z1x,811,vivo,$53147.18,7/28/2023,5/10/2024
555,alcatel OT-810D,51,alcatel,$28994.38,3/23/2023,7/26/2024
361,Sagem VS4,974,Sagem,$22719.20,6/21/2023,4/30/2024
516,Micromax Q391 Canvas Doodle 4,583,Micromax,$12485.35,1/9/2023,12/5/2024
477,Samsung Galaxy Tab A 8.0 (2017),939,Samsung,$49124.94,6/14/2023,9/6/2024
546,ZTE V889M,771,ZTE,$43404.08,9/13/2023,9/27/2024
464,Samsung X160,912,Samsung,$61244.97,6/1/2023,5/24/2024
444,Spice Mi-515 Coolpad,60,Spice,$31070.03,7/11/2023,5/2/2024
211,Xiaomi Redmi 2,664,Xiaomi,$32332.73,9/16/2023,7/8/2024
417,Xiaomi Mi Pad 3,722,Xiaomi,$15268.29,6/5/2023,10/21/2024
300,Samsung W259 Duos,342,Samsung,$10908.63,6/7/2023,10/26/2024
293,HTC Desire 626,245,HTC,$33051.68,8/21/2023,1/4/2024
507,Qtek 8100,630,Qtek,$64826.90,4/10/2023,9/9/2024
569,Nokia 230 Dual SIM,179,Nokia,$18251.13,5/11/2023,7/23/2024
403,vivo Y51s,397,vivo,$67849.92,6/23/2023,5/30/2024
363,Huawei T552,1,Huawei,$28512.43,10/7/2023,8/1/2024
303,Nokia 6650,778,Nokia,$18488.54,9/8/2023,5/23/2024
563,Lava X17,411,Lava,$57930.42,2/7/2023,9/9/2024
481,Sony Xperia acro S,203,Sony,$27751.20,3/22/2023,1/5/2024
240,Yezz Billy 5S LTE,636,Yezz,$12979.25,2/5/2023,4/7/2024
518,Samsung Galaxy S5 Sport,800,Samsung,$35224.84,9/21/2023,3/29/2024
537,Huawei MatePad T8,232,Huawei,$21699.78,8/23/2023,11/17/2024
222,LG Magna,349,LG,$37486.25,1/29/2023,3/5/2024
548,ZTE nubia Z5,425,ZTE,$47959.76,4/21/2023,12/19/2024
256,Gigabyte GSmart Roma R2,450,Gigabyte,$31489.35,1/30/2023,5/7/2024
241,Honor 9X Pro,528,Honor,$30852.24,6/5/2023,2/7/2024
511,Lenovo Lemon 3,203,Lenovo,$23558.53,4/3/2023,12/12/2024
407,Huawei P smart Pro 2019,316,Huawei,$42952.59,1/24/2023,4/30/2024
526,Microsoft Surface,377,Microsoft,$14214.09,1/19/2023,5/5/2024
587,Blackview A7 Pro,207,Blackview,$39019.12,9/10/2023,8/15/2024
359,Toshiba Excite 7.7 AT275,113,Toshiba,$27768.77,7/25/2023,11/4/2024
437,Motorola ATRIX HD MB886,768,Motorola,$42637.65,9/16/2023,2/3/2024
504,BLU Studio 6.0 HD,904,BLU,$55342.70,8/14/2023,8/13/2024
460,Icemobile G3,146,Icemobile,$48984.47,6/18/2023,10/28/2024
275,Bird S661,636,Bird,$56572.87,3/10/2023,8/14/2024
424,vivo iQOO Z1,10,vivo,$32528.77,1/31/2023,4/16/2024
567,Oppo A71 (2018),353,Oppo,$58606.90,1/5/2023,11/22/2024
244,Amoi M630,181,Amoi,$13915.82,10/2/2023,1/4/2024
205,alcatel Pixi 3 (5.5),557,alcatel,$69333.30,1/15/2023,11/1/2024
250,HTC U12+,142,HTC,$25439.52,1/28/2023,7/12/2024
534,Samsung M300,804,Samsung,$67684.17,4/24/2023,8/13/2024
467,ZTE V81,866,ZTE,$44459.37,6/1/2023,9/14/2024
433,Micromax Funbook Talk P360,801,Micromax,$64342.58,7/4/2023,12/24/2024
584,alcatel One Touch T10,684,alcatel,$36321.83,5/7/2023,8/12/2024
531,HTC Shift,927,HTC,$24398.98,7/10/2023,1/29/2024
523,Posh Equal Plus X700,485,Posh,$38547.98,8/28/2023,6/2/2024
421,Sharp GX20,651,Sharp,$68136.34,4/14/2023,1/16/2024
529,Xiaomi Poco M3,355,Xiaomi,$60072.52,10/13/2023,1/2/2024
324,Samsung Galaxy Tab S6 5G,337,Samsung,$39069.96,7/20/2023,11/6/2024
255,BLU Studio G Plus,630,BLU,$63126.35,10/8/2023,4/19/2024
524,Philips Genie Sport,56,Philips,$36489.63,1/5/2023,6/21/2024
436,Samsung Galaxy S20 5G,253,Samsung,$51443.02,9/23/2023,11/1/2024
485,Samsung i220 Code,780,Samsung,$43195.17,5/27/2023,10/29/2024
299,BLU Win HD,323,BLU,$62267.58,3/7/2023,11/20/2024
486,Motorola E390,884,Motorola,$58703.23,9/6/2023,1/23/2024
477,BlackBerry Storm 9530,772,BlackBerry,$13224.76,4/28/2023,2/14/2024
341,Samsung Galaxy J3 Emerge,473,Samsung,$53725.39,6/30/2023,6/24/2024
354,Huawei Y7 Pro (2018),12,Huawei,$39342.28,9/29/2023,9/18/2024
552,Haier A7,102,Haier,$35305.04,4/26/2023,3/12/2024
387,LG KP235,315,LG,$51784.41,6/13/2023,11/9/2024
535,ZTE Blade Vec 4G,142,ZTE,$56871.50,1/9/2023,2/2/2024
573,Motorola Moto E Dual SIM (2nd gen),955,Motorola,$54824.62,9/4/2023,10/3/2024
515,Spice M-6868N FLO ME,822,Spice,$17872.59,1/6/2023,8/31/2024
463,LG G Pad 8.3 LTE,251,LG,$30271.76,8/26/2023,5/26/2024
496,Apple iPhone 11,286,Apple,$58287.82,1/7/2023,11/13/2024
380,Telit t420,464,Telit,$14719.63,2/5/2023,6/15/2024
232,Mitac MIO 8380,746,Mitac,$18649.93,2/23/2023,7/1/2024
219,Acer Liquid Z320,581,Acer,$29387.89,9/4/2023,4/11/2024
419,Plum Compass,11,Plum,$32394.70,5/5/2023,6/28/2024
364,Gigabyte g-X5,974,Gigabyte,$16821.44,8/17/2023,2/25/2024
390,BenQ F5,529,BenQ,$34697.61,1/11/2023,9/5/2024
447,LG KF390,491,LG,$69013.40,6/21/2023,11/12/2024
549,Realme C2 2020,690,Realme,$66051.71,10/7/2023,6/27/2024
588,Pantech Link II,238,Pantech,$27966.23,6/19/2023,1/29/2024
296,Nokia 7230,903,Nokia,$25555.64,1/17/2023,4/19/2024
233,ZTE Zmax 2,764,ZTE,$43099.96,7/4/2023,10/4/2024
485,Apple iPad Wi-Fi,894,Apple,$47728.67,3/13/2023,9/1/2024
516,Microsoft Lumia 430 Dual SIM,70,Microsoft,$41118.75,4/10/2023,12/22/2024
389,Prestigio MultiPhone 3540 Duo,635,Prestigio,$15405.82,10/13/2023,12/2/2024
545,Oppo K1,87,Oppo,$33771.23,10/2/2023,1/19/2024
558,Archos Sense 50x,500,Archos,$13295.20,9/7/2023,1/24/2024
324,Samsung X300,211,Samsung,$35405.81,7/18/2023,5/25/2024
548,Orange Miami,649,Orange,$42923.01,8/18/2023,8/15/2024
390,Xiaomi Redmi K20,788,Xiaomi,$29798.40,10/1/2023,11/22/2024
547,Acer Liquid Jade,565,Acer,$17015.68,3/4/2023,1/16/2024
248,Siemens CFX65,25,Siemens,$49800.66,5/27/2023,8/23/2024
499,vivo X27 Pro,373,vivo,$27411.83,7/16/2023,1/29/2024
518,Celkon C609,62,Celkon,$29240.95,6/5/2023,8/1/2024
576,NEC N109,137,NEC,$36034.08,3/20/2023,3/10/2024
599,Samsung E1085T,41,Samsung,$30260.60,1/13/2023,5/14/2024
284,Samsung Galaxy A51,318,Samsung,$30596.30,2/12/2023,11/16/2024
453,T-Mobile SpringBoard,676,T-Mobile,$19294.20,9/9/2023,9/5/2024
356,BLU Click,377,BLU,$62981.09,2/16/2023,1/15/2024
368,BLU Deejay II,546,BLU,$68920.07,1/27/2023,10/20/2024
356,Sagem P9522 Porsche,35,Sagem,$39742.99,4/5/2023,1/19/2024
390,verykool s5017Q Dorado,550,verykool,$19351.79,9/9/2023,3/5/2024
396,Nokia N87,414,Nokia,$46719.70,4/15/2023,5/26/2024
345,alcatel OT-668,263,alcatel,$50524.60,8/12/2023,10/10/2024
391,BLU Dash Music 4.0,132,BLU,$38789.36,7/28/2023,4/12/2024
389,alcatel OT 525,508,alcatel,$31296.57,4/9/2023,10/9/2024
428,Sony Ericsson W890,328,Sony,$10239.00,1/19/2023,5/22/2024
213,Samsung Galaxy S8+,67,Samsung,$14383.06,5/5/2023,7/19/2024
558,HP 7 Plus,9,HP,$26110.38,4/16/2023,4/19/2024
551,Lenovo A616,918,Lenovo,$64256.62,4/12/2023,9/13/2024
572,LeEco Le Pro3 Elite,754,LeEco,$67731.82,1/11/2023,6/8/2024
440,Asus Zenfone 4 Max Plus ZC554KL,283,Asus,$24375.50,9/5/2023,10/10/2024
429,Xiaomi Redmi Note 6 Pro,716,Xiaomi,$59617.54,6/17/2023,5/14/2024
503,Xiaomi Redmi 4 Prime,592,Xiaomi,$56569.25,1/30/2023,3/24/2024
585,Spice Smart Flo 359 (Mi-359),748,Spice,$25446.10,8/31/2023,12/7/2024
442,Nokia 6620,848,Nokia,$12435.83,7/26/2023,3/1/2024
485,alcatel OT Gum db,151,alcatel,$17177.92,7/21/2023,11/12/2024
385,Realme 7i (Global),227,Realme,$58239.06,2/25/2023,5/8/2024
562,Wiko Lenny3 Max,600,Wiko,$20973.88,5/16/2023,3/10/2024
376,HTC Flyer Wi-Fi,753,HTC,$34757.42,7/20/2023,1/23/2024
387,Sony Ericsson K320,444,Sony,$68962.12,8/31/2023,11/16/2024
473,alcatel OT Club +,89,alcatel,$12600.40,8/12/2023,6/29/2024
227,BLU Smart,630,BLU,$35422.57,1/10/2023,6/28/2024
347,vivo U10,319,vivo,$27889.10,2/17/2023,2/11/2024
366,Samsung X120,8,Samsung,$18444.87,10/3/2023,7/17/2024
589,Samsung ZV30,88,Samsung,$10971.39,7/25/2023,7/29/2024
549,Yezz Andy 4.5M,291,Yezz,$38254.82,1/2/2023,2/19/2024
371,Samsung i607 BlackJack,770,Samsung,$42816.84,8/26/2023,3/25/2024
435,Haier M320+,168,Haier,$24984.89,8/11/2023,2/20/2024
296,Sony Ericsson Xperia PLAY,830,Sony,$58826.99,9/15/2023,1/13/2024
417,Asus P835,705,Asus,$26755.28,1/20/2023,7/4/2024
493,Samsung Z150,185,Samsung,$37066.88,6/19/2023,8/26/2024
472,Toshiba 904T,24,Toshiba,$59126.22,6/26/2023,8/2/2024
279,LG Optimus S,702,LG,$64963.78,2/8/2023,4/9/2024
428,Philips W6610,833,Philips,$33203.51,10/10/2023,11/16/2024
258,alcatel Smart Tab 7,933,alcatel,$56361.27,4/20/2023,3/15/2024
398,Lava Iris 505,613,Lava,$68573.04,3/19/2023,10/17/2024
431,Vertu Signature Touch (2015),868,Vertu,$64929.94,5/8/2023,5/2/2024
487,Samsung E2262,184,Samsung,$34240.40,9/17/2023,12/7/2024
578,Acer Liquid E3,711,Acer,$52574.03,1/8/2023,1/9/2024
427,LG K31,372,LG,$59272.27,4/17/2023,8/16/2024
418,Siemens ME75,152,Siemens,$68958.86,10/10/2023,5/21/2024
560,i-mate SPL,356,i-mate,$17387.61,2/17/2023,4/14/2024
475,Nokia 6720 classic,520,Nokia,$62578.62,8/9/2023,1/23/2024
391,Sagem my405X,154,Sagem,$42400.53,7/5/2023,8/28/2024
492,Meizu V8,280,Meizu,$57288.44,2/15/2023,1/20/2024
304,Energizer Ultimate U620S,1,Energizer,$42867.39,3/17/2023,5/21/2024
543,Lenovo A7000 Turbo,490,Lenovo,$33629.87,5/29/2023,3/26/2024
235,ZTE F870,249,ZTE,$32869.07,3/7/2023,9/6/2024
430,Nokia 5.1 Plus (Nokia X5),596,Nokia,$34624.82,2/10/2023,8/28/2024
200,i-mate JAQ4,754,i-mate,$62893.67,4/17/2023,8/20/2024
284,Samsung Galaxy S10e,937,Samsung,$50333.43,9/16/2023,10/9/2024
